;PK_IRP;BITOLA;QTD;ACABAMENTO 1;ACABAMENTO 2;PRIORIDADE
1806;678860;24.0;2000;1-175102-1;Vazio;0
1808;678862;24.0;2000;1-175102-1;Vazio;0
1809;678863;24.0;2000;1-175102-1;Vazio;0
1807;678861;24.0;2000;1-175102-1;Vazio;0
1293;677701;26.0;6;1-175102-1;1-175102-1;1
1377;677785;26.0;3;1-175102-1;1-175102-1;1
1292;677700;26.0;6;1-175102-1;1-175102-1;1
1291;677699;26.0;1;1-175102-1;1-175102-1;1
1290;677698;26.0;1;1-175102-1;1-175102-1;1
1289;677697;26.0;2;1-175102-1;1-175102-1;1
1287;677695;26.0;2;1-175102-1;1-175102-1;1
1286;677694;26.0;2;1-175102-1;1-175102-1;1
1464;677872;26.0;119;1-175102-1;1-175102-1;1
1465;677873;26.0;131;1-175102-1;1-175102-1;1
1466;677874;26.0;207;1-175102-1;1-175102-1;1
1288;677696;26.0;2;1-175102-1;1-175102-1;1
1294;677702;26.0;1;1-175102-1;1-175102-1;1
1295;677703;26.0;1;1-175102-1;1-175102-1;1
1296;677704;26.0;119;1-175102-1;1-175102-1;1
1297;677705;26.0;131;1-175102-1;1-175102-1;1
1298;677706;26.0;207;1-175102-1;1-175102-1;1
958;659391;26.0;49;1-175102-1;1-175102-1;1
957;659390;26.0;156;1-175102-1;1-175102-1;1
956;659389;26.0;133;1-175102-1;1-175102-1;1
949;659382;26.0;156;1-175102-1;1-175102-1;1
948;659381;26.0;133;1-175102-1;1-175102-1;1
947;659380;26.0;49;1-175102-1;1-175102-1;1
1381;677789;26.0;10;1-175102-1;1-175102-1;1
1380;677788;26.0;23;1-175102-1;1-175102-1;1
1379;677787;26.0;3;1-175102-1;1-175102-1;1
1378;677786;26.0;23;1-175102-1;1-175102-1;1
1473;677881;26.0;119;1-175102-1;1-175102-1;1
1474;677882;26.0;131;1-175102-1;1-175102-1;1
1376;677784;26.0;10;1-175102-1;1-175102-1;1
866;659273;26.0;49;1-175102-1;1-175102-1;1
4;648799;26.0;5;1-175102-1;1-175102-1;1
3;648798;26.0;74;1-175102-1;1-175102-1;1
864;659271;26.0;156;1-175102-1;1-175102-1;1
2;648763;26.0;5;1-175102-1;1-175102-1;1
1;648762;26.0;72;1-175102-1;1-175102-1;1
1475;677883;26.0;207;1-175102-1;1-175102-1;1
1479;677887;26.0;1;1-175102-1;1-175102-1;1
11;648806;26.0;74;1-175102-1;1-175102-1;1
865;659272;26.0;133;1-175102-1;1-175102-1;1
1478;677886;26.0;1;1-175102-1;1-175102-1;1
12;648807;26.0;5;1-175102-1;1-175102-1;1
1488;677896;26.0;1;172781-1;1-175102-1;2
1487;677895;26.0;1;172781-1;1-175102-1;2
1285;677693;26.0;24;1-175102-1;172781-1;2
1284;677692;26.0;24;1-175102-1;172781-1;2
955;659388;24.0;178;1-175102-1;SXAM-001T-PO.6;3
6;648801;24.0;142;1-175102-1;SXAM-001T-PO.6;3
7;648802;24.0;116;1-175102-1;SXAM-001T-PO.6;3
8;648803;24.0;116;1-175102-1;SXAM-001T-PO.6;3
1301;677709;24.0;296;1-175102-1;SXAM-001T-PO.6;3
1302;677710;24.0;238;1-175102-1;SXAM-001T-PO.6;3
950;659383;24.0;30;1-175102-1;SXAM-001T-PO.6;3
954;659387;24.0;30;1-175102-1;SXAM-001T-PO.6;3
953;659386;24.0;22;1-175102-1;SXAM-001T-PO.6;3
1304;677712;24.0;925;1-175102-1;SXAM-001T-PO.6;3
952;659385;24.0;22;1-175102-1;SXAM-001T-PO.6;3
1300;677708;24.0;238;1-175102-1;SXAM-001T-PO.6;3
10;648805;24.0;98;1-175102-1;SXAM-001T-PO.6;3
9;648804;24.0;142;1-175102-1;SXAM-001T-PO.6;3
1303;677711;24.0;296;1-175102-1;SXAM-001T-PO.6;3
951;659384;24.0;178;1-175102-1;SXAM-001T-PO.6;3
1299;677707;24.0;925;1-175102-1;SXAM-001T-PO.6;3
5;648800;24.0;98;1-175102-1;SXAM-001T-PO.6;3
1472;677880;24.0;694;1-175102-1;SXAM-001T-PO.6;3
1471;677879;24.0;46;1-175102-1;SXAM-001T-PO.6;3
1470;677878;24.0;50;1-175102-1;SXAM-001T-PO.6;3
1469;677877;24.0;694;1-175102-1;SXAM-001T-PO.6;3
1468;677876;24.0;50;1-175102-1;SXAM-001T-PO.6;3
1467;677875;24.0;46;1-175102-1;SXAM-001T-PO.6;3
1463;677871;24.0;22;1-175102-1;SXAM-001T-PO.6;3
1462;677870;24.0;184;1-175102-1;SXAM-001T-PO.6;3
1460;677868;24.0;53;1-175102-1;SXAM-001T-PO.6;3
1459;677867;24.0;53;1-175102-1;SXAM-001T-PO.6;3
1458;677866;24.0;6;1-175102-1;SXAM-001T-PO.6;3
1461;677869;24.0;6;1-175102-1;SXAM-001T-PO.6;3
1457;677865;24.0;184;1-175102-1;SXAM-001T-PO.6;3
1456;677864;24.0;22;1-175102-1;SXAM-001T-PO.6;3
1484;677892;26.0;104;1-175102-1;50802-8000;4
1486;677894;26.0;104;1-175102-1;50802-8000;4
1485;677893;26.0;104;1-175102-1;50802-8000;4
931;659349;22.0;96;50802-8000;50802-8000;5
930;659348;22.0;54;50802-8000;50802-8000;5
929;659347;22.0;18;50802-8000;50802-8000;5
928;659346;22.0;32;50802-8000;50802-8000;5
927;659345;22.0;72;50802-8000;50802-8000;5
926;659344;22.0;54;50802-8000;50802-8000;5
924;659342;22.0;32;50802-8000;50802-8000;5
919;659337;22.0;160;50802-8000;50802-8000;5
920;659338;22.0;54;50802-8000;50802-8000;5
921;659339;22.0;96;50802-8000;50802-8000;5
922;659340;22.0;18;50802-8000;50802-8000;5
932;659350;22.0;54;50802-8000;50802-8000;5
923;659341;22.0;54;50802-8000;50802-8000;5
925;659343;22.0;96;50802-8000;50802-8000;5
933;659351;22.0;96;50802-8000;50802-8000;5
1265;677673;22.0;10;50802-8000;50802-8000;5
935;659353;22.0;36;50802-8000;50802-8000;5
1271;677679;22.0;75;50802-8000;50802-8000;5
1272;677680;22.0;50;50802-8000;50802-8000;5
1273;677681;22.0;35;50802-8000;50802-8000;5
1274;677682;22.0;30;50802-8000;50802-8000;5
1275;677683;22.0;20;50802-8000;50802-8000;5
1270;677678;22.0;7;50802-8000;50802-8000;5
1269;677677;22.0;15;50802-8000;50802-8000;5
1268;677676;22.0;10;50802-8000;50802-8000;5
934;659352;22.0;96;50802-8000;50802-8000;5
1267;677675;22.0;7;50802-8000;50802-8000;5
1263;677671;22.0;303;50802-8000;50802-8000;5
1262;677670;22.0;6;50802-8000;50802-8000;5
942;659360;22.0;32;50802-8000;50802-8000;5
941;659359;22.0;32;50802-8000;50802-8000;5
938;659356;22.0;54;50802-8000;50802-8000;5
859;659254;22.0;18;50802-8000;50802-8000;5
937;659355;22.0;96;50802-8000;50802-8000;5
936;659354;22.0;54;50802-8000;50802-8000;5
1266;677674;22.0;15;50802-8000;50802-8000;5
858;659253;22.0;96;50802-8000;50802-8000;5
1387;677795;22.0;10;50802-8000;50802-8000;5
1276;677684;22.0;14;50802-8000;50802-8000;5
1389;677797;22.0;45;50802-8000;50802-8000;5
1390;677798;22.0;15;50802-8000;50802-8000;5
1391;677799;22.0;45;50802-8000;50802-8000;5
1392;677800;22.0;21;50802-8000;50802-8000;5
1393;677801;22.0;30;50802-8000;50802-8000;5
1394;677802;22.0;303;50802-8000;50802-8000;5
1395;677803;22.0;6;50802-8000;50802-8000;5
1396;677804;22.0;21;50802-8000;50802-8000;5
1397;677805;22.0;30;50802-8000;50802-8000;5
1398;677806;22.0;21;50802-8000;50802-8000;5
1399;677807;22.0;45;50802-8000;50802-8000;5
1400;677808;22.0;6;50802-8000;50802-8000;5
1401;677809;22.0;303;50802-8000;50802-8000;5
1402;677810;22.0;40;50802-8000;50802-8000;5
1403;677811;22.0;60;50802-8000;50802-8000;5
1404;677812;22.0;28;50802-8000;50802-8000;5
1405;677813;22.0;15;50802-8000;50802-8000;5
1415;677823;22.0;30;50802-8000;50802-8000;5
1414;677822;22.0;6;50802-8000;50802-8000;5
1406;677814;22.0;101;50802-8000;50802-8000;5
1407;677815;22.0;2;50802-8000;50802-8000;5
1408;677816;22.0;7;50802-8000;50802-8000;5
1409;677817;22.0;10;50802-8000;50802-8000;5
1410;677818;22.0;45;50802-8000;50802-8000;5
1411;677819;22.0;21;50802-8000;50802-8000;5
1388;677796;22.0;2;50802-8000;50802-8000;5
1416;677824;22.0;303;50802-8000;50802-8000;5
1386;677794;22.0;101;50802-8000;50802-8000;5
1385;677793;22.0;30;50802-8000;50802-8000;5
860;659255;22.0;18;50802-8000;50802-8000;5
861;659256;22.0;90;50802-8000;50802-8000;5
862;659257;22.0;36;50802-8000;50802-8000;5
1442;677850;22.0;101;50802-8000;50802-8000;5
1441;677849;22.0;2;50802-8000;50802-8000;5
1440;677848;22.0;101;50802-8000;50802-8000;5
1439;677847;22.0;2;50802-8000;50802-8000;5
1432;677840;22.0;6;50802-8000;50802-8000;5
1431;677839;22.0;303;50802-8000;50802-8000;5
1430;677838;22.0;21;50802-8000;50802-8000;5
1429;677837;22.0;30;50802-8000;50802-8000;5
1428;677836;22.0;45;50802-8000;50802-8000;5
1412;677820;22.0;30;50802-8000;50802-8000;5
1427;677835;22.0;303;50802-8000;50802-8000;5
1425;677833;22.0;21;50802-8000;50802-8000;5
1424;677832;22.0;30;50802-8000;50802-8000;5
1382;677790;22.0;10;50802-8000;50802-8000;5
1423;677831;22.0;45;50802-8000;50802-8000;5
1422;677830;22.0;30;50802-8000;50802-8000;5
1421;677829;22.0;14;50802-8000;50802-8000;5
1420;677828;22.0;6;50802-8000;50802-8000;5
1419;677827;22.0;6;50802-8000;50802-8000;5
1418;677826;22.0;45;50802-8000;50802-8000;5
1417;677825;22.0;21;50802-8000;50802-8000;5
1383;677791;22.0;505;50802-8000;50802-8000;5
1384;677792;22.0;7;50802-8000;50802-8000;5
1426;677834;22.0;20;50802-8000;50802-8000;5
1413;677821;22.0;303;50802-8000;50802-8000;5
945;659363;22.0;4;50802-8000;2509-00TV051;6
946;659364;22.0;4;50802-8000;2509-00TV051;6
1277;677685;22.0;6;626041-2;50802-8000;7
1373;677781;22.0;6;626041-2;50802-8000;7
1450;677858;22.0;6;50802-8000;08-70-0102;8
1451;677859;22.0;6;50802-8000;08-70-0102;8
1452;677860;22.0;6;50802-8000;08-70-0102;8
1453;677861;22.0;3;50802-8000;08-70-0102;8
1455;677863;22.0;3;50802-8000;08-70-0102;8
1454;677862;22.0;3;50802-8000;08-70-0102;8
1481;677889;22.0;6;50802-8000;ZV3AE0073;9
1482;677890;22.0;6;50802-8000;ZV3AE0073;9
1449;677857;22.0;6;ZV3AE0073;50802-8000;9
1448;677856;22.0;6;ZV3AE0073;50802-8000;9
1480;677888;22.0;6;50802-8000;ZV3AE0073;9
881;659292;22.0;1;50802-8000;7-160433-1;10
877;659288;22.0;2;50802-8000;7-160433-1;10
874;659285;22.0;1;50802-8000;7-160433-1;10
869;659280;22.0;1;50802-8000;7-160433-1;10
878;659289;22.0;26;50802-8000;7-160433-1;10
870;659281;22.0;13;50802-8000;7-160433-1;10
882;659293;22.0;13;50802-8000;7-160433-1;10
886;659297;22.0;1;50802-8000;7-160433-1;10
918;659329;22.0;159;50802-8000;7-160433-1;10
917;659328;22.0;30;50802-8000;7-160433-1;10
914;659325;22.0;159;50802-8000;7-160433-1;10
913;659324;22.0;30;50802-8000;7-160433-1;10
910;659321;22.0;8;50802-8000;7-160433-1;10
909;659320;22.0;10;50802-8000;7-160433-1;10
906;659317;22.0;10;50802-8000;7-160433-1;10
902;659313;22.0;10;50802-8000;7-160433-1;10
901;659312;22.0;8;50802-8000;7-160433-1;10
898;659309;22.0;8;50802-8000;7-160433-1;10
897;659308;22.0;10;50802-8000;7-160433-1;10
894;659305;22.0;10;50802-8000;7-160433-1;10
893;659304;22.0;8;50802-8000;7-160433-1;10
890;659301;22.0;8;50802-8000;7-160433-1;10
889;659300;22.0;10;50802-8000;7-160433-1;10
885;659296;22.0;13;50802-8000;7-160433-1;10
873;659284;22.0;13;50802-8000;7-160433-1;10
905;659316;22.0;8;50802-8000;7-160433-1;10
1279;677687;22.0;180;50802-8000;7-160433-1;10
1329;677737;22.0;8;50802-8000;7-160433-1;10
1334;677742;22.0;3;50802-8000;7-160433-1;10
1335;677743;22.0;7;50802-8000;7-160433-1;10
1336;677744;22.0;8;50802-8000;7-160433-1;10
1340;677748;22.0;8;50802-8000;7-160433-1;10
1341;677749;22.0;7;50802-8000;7-160433-1;10
1342;677750;22.0;3;50802-8000;7-160433-1;10
1346;677754;22.0;3;50802-8000;7-160433-1;10
1347;677755;22.0;7;50802-8000;7-160433-1;10
1348;677756;22.0;8;50802-8000;7-160433-1;10
1353;677761;22.0;3;50802-8000;7-160433-1;10
1354;677762;22.0;8;50802-8000;7-160433-1;10
1358;677766;22.0;8;50802-8000;7-160433-1;10
1359;677767;22.0;3;50802-8000;7-160433-1;10
1360;677768;22.0;7;50802-8000;7-160433-1;10
1364;677772;22.0;363;50802-8000;7-160433-1;10
1365;677773;22.0;66;50802-8000;7-160433-1;10
1366;677774;22.0;192;50802-8000;7-160433-1;10
1370;677778;22.0;66;50802-8000;7-160433-1;10
1371;677779;22.0;363;50802-8000;7-160433-1;10
1372;677780;22.0;192;50802-8000;7-160433-1;10
17;653098;22.0;81;50802-8000;7-160433-1;10
15;653096;22.0;81;50802-8000;7-160433-1;10
1328;677736;22.0;7;50802-8000;7-160433-1;10
1324;677732;22.0;2;50802-8000;7-160433-1;10
1352;677760;22.0;7;50802-8000;7-160433-1;10
1330;677738;22.0;3;50802-8000;7-160433-1;10
1312;677720;22.0;2;50802-8000;7-160433-1;10
1308;677716;22.0;9;50802-8000;7-160433-1;10
1307;677715;22.0;2;50802-8000;7-160433-1;10
1311;677719;22.0;9;50802-8000;7-160433-1;10
1315;677723;22.0;4;50802-8000;7-160433-1;10
1316;677724;22.0;18;50802-8000;7-160433-1;10
1319;677727;22.0;9;50802-8000;7-160433-1;10
1323;677731;22.0;9;50802-8000;7-160433-1;10
1280;677688;22.0;82;50802-8000;7-160433-1;10
1320;677728;22.0;2;50802-8000;7-160433-1;10
868;659279;22.0;13;50802-8000;60598-4;11
1309;677717;22.0;9;50802-8000;60598-4;11
891;659302;22.0;8;50802-8000;60598-4;11
892;659303;22.0;10;50802-8000;60598-4;11
1363;677771;22.0;363;50802-8000;60598-4;11
14;653095;22.0;81;50802-8000;60598-4;11
1362;677770;22.0;192;50802-8000;60598-4;11
895;659306;22.0;10;50802-8000;60598-4;11
896;659307;22.0;8;50802-8000;60598-4;11
1361;677769;22.0;66;50802-8000;60598-4;11
1310;677718;22.0;2;50802-8000;60598-4;11
899;659310;22.0;8;50802-8000;60598-4;11
900;659311;22.0;10;50802-8000;60598-4;11
888;659299;22.0;10;50802-8000;60598-4;11
887;659298;22.0;8;50802-8000;60598-4;11
16;653097;22.0;81;50802-8000;60598-4;11
1367;677775;22.0;363;50802-8000;60598-4;11
884;659295;22.0;1;50802-8000;60598-4;11
883;659294;22.0;13;50802-8000;60598-4;11
1281;677689;22.0;180;50802-8000;60598-4;11
1369;677777;22.0;66;50802-8000;60598-4;11
880;659291;22.0;13;50802-8000;60598-4;11
879;659290;22.0;1;50802-8000;60598-4;11
1306;677714;22.0;9;50802-8000;60598-4;11
867;659278;22.0;1;50802-8000;60598-4;11
1305;677713;22.0;2;50802-8000;60598-4;11
876;659287;22.0;2;50802-8000;60598-4;11
875;659286;22.0;26;50802-8000;60598-4;11
1282;677690;22.0;82;50802-8000;60598-4;11
872;659283;22.0;1;50802-8000;60598-4;11
871;659282;22.0;13;50802-8000;60598-4;11
1368;677776;22.0;192;50802-8000;60598-4;11
1322;677730;22.0;2;50802-8000;60598-4;11
904;659315;22.0;10;50802-8000;60598-4;11
903;659314;22.0;8;50802-8000;60598-4;11
1314;677722;22.0;18;50802-8000;60598-4;11
1339;677747;22.0;8;50802-8000;60598-4;11
1338;677746;22.0;7;50802-8000;60598-4;11
1337;677745;22.0;3;50802-8000;60598-4;11
1317;677725;22.0;2;50802-8000;60598-4;11
1344;677752;22.0;7;50802-8000;60598-4;11
1318;677726;22.0;9;50802-8000;60598-4;11
1332;677740;22.0;8;50802-8000;60598-4;11
1331;677739;22.0;7;50802-8000;60598-4;11
1321;677729;22.0;9;50802-8000;60598-4;11
1327;677735;22.0;8;50802-8000;60598-4;11
1326;677734;22.0;3;50802-8000;60598-4;11
1325;677733;22.0;7;50802-8000;60598-4;11
1333;677741;22.0;3;50802-8000;60598-4;11
1345;677753;22.0;8;50802-8000;60598-4;11
1343;677751;22.0;3;50802-8000;60598-4;11
908;659319;22.0;10;50802-8000;60598-4;11
1356;677764;22.0;8;50802-8000;60598-4;11
1349;677757;22.0;3;50802-8000;60598-4;11
1350;677758;22.0;7;50802-8000;60598-4;11
1351;677759;22.0;8;50802-8000;60598-4;11
916;659327;22.0;30;50802-8000;60598-4;11
915;659326;22.0;159;50802-8000;60598-4;11
1357;677765;22.0;3;50802-8000;60598-4;11
907;659318;22.0;8;50802-8000;60598-4;11
1355;677763;22.0;7;50802-8000;60598-4;11
912;659323;22.0;30;50802-8000;60598-4;11
1313;677721;22.0;4;50802-8000;60598-4;11
911;659322;22.0;159;50802-8000;60598-4;11
1375;677783;22.0;9;444334-2;50802-8000;12
1447;677855;22.0;9;50802-8000;444334-2;12
1374;677782;22.0;18;444334-2;50802-8000;12
1254;664795;0.75;2;LW-4203TF22R;Vazio;13
1246;664785;0.75;8;LW-4203TM22R-2;LW-4203TF22R;14
959;659392;22.0;46;LW-4203TF22R;626030-2;15
1477;677885;22.0;134;LW-4203TF22R;626030-2;15
1476;677884;22.0;128;LW-4203TF22R;626030-2;15
1278;677686;22.0;128;LW-4203TF22R;626030-2;15
863;659259;22.0;46;LW-4203TF22R;626030-2;15
1264;677672;22.0;134;LW-4203TF22R;626030-2;15
0;648755;22.0;1100;LW-4203TF22R;626030-2;15
13;648808;22.0;1100;LW-4203TF22R;626030-2;15
971;660620;1.0;4;626030-2;626030-2;16
1256;664859;0.75;12;881111-1;Vazio;17
1257;664860;0.75;18;881111-1;Vazio;17
1259;664862;0.75;18;881111-1;Vazio;17
1258;664861;0.75;12;881111-1;Vazio;17
1260;664863;1.5;6;881111-1;881111-1;18
1255;664858;1.5;30;881111-1;881111-1;18
1250;664791;0.75;8;881111-1;881111-1;18
1253;664794;0.35;1;LW-4203TM22R-2;881111-1;19
1252;664793;0.35;1;LW-4203TM22R-2;881111-1;19
1251;664792;0.35;1;LW-4203TM22R-2;881111-1;19
976;663120;0.5;6;881111-1;626437-4 (ET-10);20
981;663125;0.5;15;881111-1;626437-4 (ET-10);20
977;663121;0.5;6;881111-1;626437-4 (ET-10);20
978;663122;0.5;6;881111-1;626437-4 (ET-10);20
975;663119;0.5;6;881111-1;626437-4 (ET-10);20
980;663124;0.5;15;881111-1;626437-4 (ET-10);20
983;663127;0.5;10;881111-1;626437-4 (ET-10);20
979;663123;0.5;15;881111-1;626437-4 (ET-10);20
984;663128;0.5;10;881111-1;626437-4 (ET-10);20
985;663129;0.5;12;881111-1;626437-4 (ET-10);20
986;663130;0.5;12;881111-1;626437-4 (ET-10);20
982;663126;0.5;15;881111-1;626437-4 (ET-10);20
1245;664783;0.75;200;KS-SVS1-4;881111-1;21
1243;664781;0.75;100;KS-SVS1-4;881111-1;21
1242;664780;1.5;100;KS-SVS1-4;881111-1;21
1244;664782;0.75;100;KS-SVS1-4;881111-1;21
1240;664776;0.35;200;881111-1;140791-2;22
1239;664775;0.35;200;881111-1;140791-2;22
1238;664774;0.35;200;881111-1;140791-2;22
1693;678716;0.75;30;881111-1;350873-1;23
1694;678717;0.75;30;881111-1;350873-1;23
1696;678719;0.75;30;881111-1;350873-1;23
1697;678720;0.75;30;881111-1;350873-1;23
1698;678721;0.75;30;881111-1;350873-1;23
1699;678722;0.75;30;881111-1;350873-1;23
1700;678723;0.75;30;881111-1;350873-1;23
1701;678724;0.75;30;881111-1;350873-1;23
1695;678718;0.75;30;881111-1;350873-1;23
1702;678725;0.75;30;881111-1;350873-1;23
1703;678726;0.75;30;881111-1;350873-1;23
1692;678715;0.75;30;881111-1;350873-1;23
1691;678714;0.75;30;881111-1;350873-1;23
1690;678713;0.75;30;881111-1;350873-1;23
1689;678712;0.75;30;881111-1;350873-1;23
1241;664778;0.75;9;881111-1;881109-1;24
1249;664790;0.35;1;Vazio;PCT2;25
1247;664786;0.35;2;Vazio;PCT2;25
1248;664787;0.35;1;LW-4203TM22R-2;PCT2;26
1222;664521;26.0;6;PCT2;LW-6203T011R;27
1052;664298;26.0;4;PCT2;LW-6203T011R;27
1053;664301;26.0;14;PCT2;LW-6203T011R;27
1054;664303;26.0;6;PCT2;LW-6203T011R;27
1055;664305;26.0;4;PCT2;LW-6203T011R;27
1056;664306;26.0;8;PCT2;LW-6203T011R;27
1061;664314;26.0;8;PCT2;LW-6203T011R;27
1058;664310;26.0;14;PCT2;LW-6203T011R;27
1059;664311;26.0;6;PCT2;LW-6203T011R;27
1060;664312;26.0;8;PCT2;LW-6203T011R;27
1051;664297;26.0;8;PCT2;LW-6203T011R;27
1062;664316;26.0;2;PCT2;LW-6203T011R;27
1057;664308;26.0;4;PCT2;LW-6203T011R;27
1050;664296;26.0;14;PCT2;LW-6203T011R;27
1046;664290;26.0;4;PCT2;LW-6203T011R;27
1048;664294;26.0;6;PCT2;LW-6203T011R;27
1047;664293;26.0;8;PCT2;LW-6203T011R;27
1063;664317;26.0;2;PCT2;LW-6203T011R;27
1045;664289;26.0;14;PCT2;LW-6203T011R;27
1044;664287;26.0;6;PCT2;LW-6203T011R;27
1043;664286;26.0;14;PCT2;LW-6203T011R;27
1042;664284;26.0;8;PCT2;LW-6203T011R;27
1041;664283;26.0;4;PCT2;LW-6203T011R;27
1040;664282;26.0;8;PCT2;LW-6203T011R;27
1039;664281;26.0;6;PCT2;LW-6203T011R;27
1038;664279;26.0;4;PCT2;LW-6203T011R;27
1037;664277;26.0;14;PCT2;LW-6203T011R;27
1049;664295;26.0;6;PCT2;LW-6203T011R;27
1064;664318;26.0;4;PCT2;LW-6203T011R;27
1068;664323;26.0;2;PCT2;LW-6203T011R;27
1066;664320;26.0;2;PCT2;LW-6203T011R;27
1092;664353;26.0;2;PCT2;LW-6203T011R;27
1091;664352;26.0;2;PCT2;LW-6203T011R;27
1090;664350;26.0;2;PCT2;LW-6203T011R;27
1089;664349;26.0;6;PCT2;LW-6203T011R;27
1088;664345;26.0;2;PCT2;LW-6203T011R;27
1087;664344;26.0;8;PCT2;LW-6203T011R;27
1086;664343;26.0;6;PCT2;LW-6203T011R;27
1085;664342;26.0;2;PCT2;LW-6203T011R;27
1084;664341;26.0;10;PCT2;LW-6203T011R;27
1083;664340;26.0;6;PCT2;LW-6203T011R;27
1082;664339;26.0;6;PCT2;LW-6203T011R;27
1081;664338;26.0;14;PCT2;LW-6203T011R;27
1065;664319;26.0;2;PCT2;LW-6203T011R;27
1080;664337;26.0;6;PCT2;LW-6203T011R;27
1078;664335;26.0;4;PCT2;LW-6203T011R;27
1077;664334;26.0;4;PCT2;LW-6203T011R;27
1076;664333;26.0;6;PCT2;LW-6203T011R;27
1075;664332;26.0;8;PCT2;LW-6203T011R;27
1074;664331;26.0;14;PCT2;LW-6203T011R;27
1225;664524;26.0;10;PCT2;LW-6203T011R;27
1072;664328;26.0;6;PCT2;LW-6203T011R;27
1071;664326;26.0;8;PCT2;LW-6203T011R;27
1070;664325;26.0;14;PCT2;LW-6203T011R;27
1069;664324;26.0;10;PCT2;LW-6203T011R;27
1036;664276;26.0;8;PCT2;LW-6203T011R;27
1067;664322;26.0;6;PCT2;LW-6203T011R;27
1079;664336;26.0;14;PCT2;LW-6203T011R;27
1035;664275;26.0;10;PCT2;LW-6203T011R;27
1030;664268;26.0;2;PCT2;LW-6203T011R;27
1033;664272;26.0;6;PCT2;LW-6203T011R;27
1001;664229;26.0;6;PCT2;LW-6203T011R;27
1000;664228;26.0;6;PCT2;LW-6203T011R;27
999;664226;26.0;8;PCT2;LW-6203T011R;27
998;664225;26.0;6;PCT2;LW-6203T011R;27
997;664223;26.0;12;PCT2;LW-6203T011R;27
996;664222;26.0;8;PCT2;LW-6203T011R;27
995;664221;26.0;2;PCT2;LW-6203T011R;27
994;664220;26.0;4;PCT2;LW-6203T011R;27
993;664219;26.0;10;PCT2;LW-6203T011R;27
992;664217;26.0;6;PCT2;LW-6203T011R;27
991;664216;26.0;2;PCT2;LW-6203T011R;27
990;664213;26.0;14;PCT2;LW-6203T011R;27
1002;664233;26.0;12;PCT2;LW-6203T011R;27
989;664212;26.0;2;PCT2;LW-6203T011R;27
987;664207;26.0;2;PCT2;LW-6203T011R;27
1227;664526;26.0;6;PCT2;LW-6203T011R;27
1228;664527;26.0;10;PCT2;LW-6203T011R;27
1229;664528;26.0;2;PCT2;LW-6203T011R;27
1230;664529;26.0;6;PCT2;LW-6203T011R;27
1231;664530;26.0;10;PCT2;LW-6203T011R;27
1232;664531;26.0;6;PCT2;LW-6203T011R;27
1233;664532;26.0;6;PCT2;LW-6203T011R;27
1234;664533;26.0;10;PCT2;LW-6203T011R;27
1235;664534;26.0;10;PCT2;LW-6203T011R;27
1236;664535;26.0;6;PCT2;LW-6203T011R;27
1237;664536;26.0;10;PCT2;LW-6203T011R;27
988;664209;26.0;2;PCT2;LW-6203T011R;27
1003;664234;26.0;6;PCT2;LW-6203T011R;27
1004;664236;26.0;6;PCT2;LW-6203T011R;27
1005;664237;26.0;12;PCT2;LW-6203T011R;27
1032;664271;26.0;2;PCT2;LW-6203T011R;27
1031;664270;26.0;2;PCT2;LW-6203T011R;27
1093;664354;26.0;8;PCT2;LW-6203T011R;27
1029;664267;26.0;2;PCT2;LW-6203T011R;27
1028;664265;26.0;6;PCT2;LW-6203T011R;27
1027;664263;26.0;12;PCT2;LW-6203T011R;27
1026;664262;26.0;6;PCT2;LW-6203T011R;27
1025;664261;26.0;10;PCT2;LW-6203T011R;27
1024;664260;26.0;2;PCT2;LW-6203T011R;27
1023;664259;26.0;6;PCT2;LW-6203T011R;27
1022;664258;26.0;6;PCT2;LW-6203T011R;27
1021;664256;26.0;2;PCT2;LW-6203T011R;27
1020;664254;26.0;2;PCT2;LW-6203T011R;27
1019;664253;26.0;2;PCT2;LW-6203T011R;27
1018;664250;26.0;2;PCT2;LW-6203T011R;27
1017;664249;26.0;6;PCT2;LW-6203T011R;27
1016;664248;26.0;6;PCT2;LW-6203T011R;27
1226;664525;26.0;2;PCT2;LW-6203T011R;27
1014;664246;26.0;12;PCT2;LW-6203T011R;27
1013;664245;26.0;8;PCT2;LW-6203T011R;27
1012;664244;26.0;2;PCT2;LW-6203T011R;27
1011;664243;26.0;2;PCT2;LW-6203T011R;27
1010;664242;26.0;6;PCT2;LW-6203T011R;27
1009;664241;26.0;6;PCT2;LW-6203T011R;27
1008;664240;26.0;10;PCT2;LW-6203T011R;27
1007;664239;26.0;2;PCT2;LW-6203T011R;27
1006;664238;26.0;2;PCT2;LW-6203T011R;27
1034;664274;26.0;2;PCT2;LW-6203T011R;27
1223;664522;26.0;2;PCT2;LW-6203T011R;27
1094;664356;26.0;2;PCT2;LW-6203T011R;27
1096;664360;26.0;10;PCT2;LW-6203T011R;27
1189;664487;26.0;2;PCT2;LW-6203T011R;27
1188;664486;26.0;8;PCT2;LW-6203T011R;27
1187;664485;26.0;2;PCT2;LW-6203T011R;27
1186;664484;26.0;6;PCT2;LW-6203T011R;27
1185;664483;26.0;2;PCT2;LW-6203T011R;27
1184;664482;26.0;2;PCT2;LW-6203T011R;27
1183;664481;26.0;10;PCT2;LW-6203T011R;27
1182;664480;26.0;10;PCT2;LW-6203T011R;27
1181;664477;26.0;6;PCT2;LW-6203T011R;27
1180;664476;26.0;2;PCT2;LW-6203T011R;27
1179;664475;26.0;2;PCT2;LW-6203T011R;27
1178;664474;26.0;8;PCT2;LW-6203T011R;27
1177;664473;26.0;2;PCT2;LW-6203T011R;27
1190;664488;26.0;6;PCT2;LW-6203T011R;27
1176;664472;26.0;2;PCT2;LW-6203T011R;27
1174;664470;26.0;2;PCT2;LW-6203T011R;27
1173;664469;26.0;2;PCT2;LW-6203T011R;27
1172;664468;26.0;6;PCT2;LW-6203T011R;27
1171;664466;26.0;2;PCT2;LW-6203T011R;27
1170;664463;26.0;2;PCT2;LW-6203T011R;27
1169;664462;26.0;10;PCT2;LW-6203T011R;27
1168;664461;26.0;8;PCT2;LW-6203T011R;27
1167;664460;26.0;2;PCT2;LW-6203T011R;27
1166;664459;26.0;2;PCT2;LW-6203T011R;27
1165;664458;26.0;6;PCT2;LW-6203T011R;27
1164;664457;26.0;2;PCT2;LW-6203T011R;27
1163;664456;26.0;2;PCT2;LW-6203T011R;27
1162;664455;26.0;10;PCT2;LW-6203T011R;27
1175;664471;26.0;6;PCT2;LW-6203T011R;27
1161;664451;26.0;6;PCT2;LW-6203T011R;27
1191;664489;26.0;2;PCT2;LW-6203T011R;27
1193;664492;26.0;10;PCT2;LW-6203T011R;27
1221;664520;26.0;10;PCT2;LW-6203T011R;27
1220;664519;26.0;2;PCT2;LW-6203T011R;27
1219;664518;26.0;6;PCT2;LW-6203T011R;27
1218;664517;26.0;6;PCT2;LW-6203T011R;27
1217;664516;26.0;2;PCT2;LW-6203T011R;27
1216;664515;26.0;6;PCT2;LW-6203T011R;27
1215;664514;26.0;2;PCT2;LW-6203T011R;27
1214;664513;26.0;10;PCT2;LW-6203T011R;27
1213;664512;26.0;6;PCT2;LW-6203T011R;27
1212;664511;26.0;6;PCT2;LW-6203T011R;27
1211;664510;26.0;10;PCT2;LW-6203T011R;27
1210;664509;26.0;2;PCT2;LW-6203T011R;27
1209;664508;26.0;2;PCT2;LW-6203T011R;27
1192;664491;26.0;2;PCT2;LW-6203T011R;27
1208;664507;26.0;6;PCT2;LW-6203T011R;27
1206;664505;26.0;2;PCT2;LW-6203T011R;27
1205;664504;26.0;6;PCT2;LW-6203T011R;27
1204;664503;26.0;6;PCT2;LW-6203T011R;27
1203;664502;26.0;8;PCT2;LW-6203T011R;27
1202;664501;26.0;10;PCT2;LW-6203T011R;27
1201;664500;26.0;2;PCT2;LW-6203T011R;27
1200;664499;26.0;2;PCT2;LW-6203T011R;27
1199;664498;26.0;6;PCT2;LW-6203T011R;27
1198;664497;26.0;2;PCT2;LW-6203T011R;27
1197;664496;26.0;8;PCT2;LW-6203T011R;27
1196;664495;26.0;2;PCT2;LW-6203T011R;27
1195;664494;26.0;6;PCT2;LW-6203T011R;27
1194;664493;26.0;2;PCT2;LW-6203T011R;27
1207;664506;26.0;2;PCT2;LW-6203T011R;27
1160;664450;26.0;8;PCT2;LW-6203T011R;27
1159;664448;26.0;6;PCT2;LW-6203T011R;27
1158;664447;26.0;2;PCT2;LW-6203T011R;27
1124;664399;26.0;2;PCT2;LW-6203T011R;27
1123;664397;26.0;2;PCT2;LW-6203T011R;27
1122;664396;26.0;6;PCT2;LW-6203T011R;27
1121;664395;26.0;2;PCT2;LW-6203T011R;27
1120;664394;26.0;2;PCT2;LW-6203T011R;27
1119;664392;26.0;2;PCT2;LW-6203T011R;27
1118;664390;26.0;8;PCT2;LW-6203T011R;27
1117;664388;26.0;6;PCT2;LW-6203T011R;27
1116;664387;26.0;10;PCT2;LW-6203T011R;27
1224;664523;26.0;10;PCT2;LW-6203T011R;27
1114;664385;26.0;2;PCT2;LW-6203T011R;27
1113;664383;26.0;2;PCT2;LW-6203T011R;27
1112;664381;26.0;6;PCT2;LW-6203T011R;27
1125;664401;26.0;8;PCT2;LW-6203T011R;27
1111;664380;26.0;2;PCT2;LW-6203T011R;27
1109;664374;26.0;2;PCT2;LW-6203T011R;27
1108;664373;26.0;2;PCT2;LW-6203T011R;27
1107;664372;26.0;2;PCT2;LW-6203T011R;27
1106;664371;26.0;2;PCT2;LW-6203T011R;27
1105;664370;26.0;8;PCT2;LW-6203T011R;27
1104;664369;26.0;10;PCT2;LW-6203T011R;27
1103;664368;26.0;6;PCT2;LW-6203T011R;27
1102;664367;26.0;6;PCT2;LW-6203T011R;27
1101;664366;26.0;2;PCT2;LW-6203T011R;27
1100;664365;26.0;2;PCT2;LW-6203T011R;27
1099;664364;26.0;2;PCT2;LW-6203T011R;27
1098;664363;26.0;2;PCT2;LW-6203T011R;27
1097;664361;26.0;6;PCT2;LW-6203T011R;27
1110;664377;26.0;2;PCT2;LW-6203T011R;27
1126;664402;26.0;6;PCT2;LW-6203T011R;27
1127;664403;26.0;10;PCT2;LW-6203T011R;27
1128;664405;26.0;2;PCT2;LW-6203T011R;27
1157;664446;26.0;2;PCT2;LW-6203T011R;27
1156;664445;26.0;2;PCT2;LW-6203T011R;27
1155;664444;26.0;8;PCT2;LW-6203T011R;27
1154;664443;26.0;10;PCT2;LW-6203T011R;27
1153;664440;26.0;2;PCT2;LW-6203T011R;27
1152;664439;26.0;2;PCT2;LW-6203T011R;27
1151;664437;26.0;2;PCT2;LW-6203T011R;27
1150;664436;26.0;2;PCT2;LW-6203T011R;27
1149;664434;26.0;6;PCT2;LW-6203T011R;27
1148;664433;26.0;6;PCT2;LW-6203T011R;27
1147;664432;26.0;2;PCT2;LW-6203T011R;27
1146;664430;26.0;2;PCT2;LW-6203T011R;27
1145;664429;26.0;2;PCT2;LW-6203T011R;27
1144;664428;26.0;2;PCT2;LW-6203T011R;27
1143;664427;26.0;8;PCT2;LW-6203T011R;27
1142;664426;26.0;2;PCT2;LW-6203T011R;27
1141;664425;26.0;10;PCT2;LW-6203T011R;27
1140;664424;26.0;6;PCT2;LW-6203T011R;27
1139;664423;26.0;2;PCT2;LW-6203T011R;27
1138;664420;26.0;6;PCT2;LW-6203T011R;27
1137;664418;26.0;6;PCT2;LW-6203T011R;27
1136;664417;26.0;2;PCT2;LW-6203T011R;27
1135;664416;26.0;6;PCT2;LW-6203T011R;27
1134;664415;26.0;2;PCT2;LW-6203T011R;27
1133;664414;26.0;2;PCT2;LW-6203T011R;27
1132;664409;26.0;2;PCT2;LW-6203T011R;27
1131;664408;26.0;8;PCT2;LW-6203T011R;27
1130;664407;26.0;2;PCT2;LW-6203T011R;27
1129;664406;26.0;10;PCT2;LW-6203T011R;27
1095;664357;26.0;6;PCT2;LW-6203T011R;27
1115;664386;26.0;2;PCT2;LW-6203T011R;27
1073;664329;26.0;6;PCT2;LW-6203T011R;27
1015;664247;26.0;2;PCT2;LW-6203T011R;27
474;656672;0.75;2;1062-16-0622 (2310364-1);Vazio;28
473;656671;0.75;2;1062-16-0622 (2310364-1);Vazio;28
472;656670;0.75;2;Vazio;1062-16-0622 (2310364-1);28
471;656669;0.75;2;Vazio;1062-16-0622 (2310364-1);28
470;656668;0.75;2;Vazio;1062-16-0622 (2310364-1);28
469;656667;0.75;2;Vazio;1062-16-0622 (2310364-1);28
468;656666;0.75;2;Vazio;1062-16-0622 (2310364-1);28
467;656665;0.75;2;1062-16-0622 (2310364-1);Vazio;28
466;656664;0.75;2;1062-16-0622 (2310364-1);Vazio;28
465;656663;0.75;2;1062-16-0622 (2310364-1);Vazio;28
464;656662;0.75;2;1062-16-0622 (2310364-1);Vazio;28
475;656673;0.75;2;1062-16-0622 (2310364-1);Vazio;28
463;656661;0.75;2;1062-16-0622 (2310364-1);Vazio;28
446;656644;0.75;2;Vazio;1062-16-0622 (2310364-1);28
445;656643;0.75;2;Vazio;1062-16-0622 (2310364-1);28
444;656642;0.75;2;Vazio;1062-16-0622 (2310364-1);28
443;656641;0.75;2;Vazio;1062-16-0622 (2310364-1);28
442;656640;0.75;2;Vazio;1062-16-0622 (2310364-1);28
441;656639;0.75;2;Vazio;1062-16-0622 (2310364-1);28
440;656638;0.75;2;Vazio;1062-16-0622 (2310364-1);28
439;656637;0.75;2;Vazio;1062-16-0622 (2310364-1);28
438;656636;0.75;2;Vazio;1062-16-0622 (2310364-1);28
432;656630;0.75;2;1062-16-0622 (2310364-1);Vazio;28
431;656629;0.75;2;1062-16-0622 (2310364-1);Vazio;28
447;656645;0.75;2;Vazio;1062-16-0622 (2310364-1);28
430;656628;0.75;2;1062-16-0622 (2310364-1);Vazio;28
476;656674;0.75;2;1062-16-0622 (2310364-1);Vazio;28
478;656676;0.75;2;Vazio;1062-16-0622 (2310364-1);28
609;656807;0.75;2;1062-16-0622 (2310364-1);Vazio;28
610;656808;0.75;2;1062-16-0622 (2310364-1);Vazio;28
611;656809;0.75;2;1062-16-0622 (2310364-1);Vazio;28
612;656810;0.75;2;1062-16-0622 (2310364-1);Vazio;28
613;656811;0.75;2;Vazio;1062-16-0622 (2310364-1);28
614;656812;0.75;2;Vazio;1062-16-0622 (2310364-1);28
615;656813;0.75;2;Vazio;1062-16-0622 (2310364-1);28
616;656814;0.75;2;Vazio;1062-16-0622 (2310364-1);28
617;656815;0.75;2;Vazio;1062-16-0622 (2310364-1);28
618;656816;0.75;2;Vazio;1062-16-0622 (2310364-1);28
619;656817;0.75;2;Vazio;1062-16-0622 (2310364-1);28
477;656675;0.75;2;1062-16-0622 (2310364-1);Vazio;28
620;656818;0.75;2;Vazio;1062-16-0622 (2310364-1);28
622;656820;0.75;2;Vazio;1062-16-0622 (2310364-1);28
488;656686;0.75;2;Vazio;1062-16-0622 (2310364-1);28
487;656685;0.75;2;Vazio;1062-16-0622 (2310364-1);28
486;656684;0.75;2;Vazio;1062-16-0622 (2310364-1);28
485;656683;0.75;2;Vazio;1062-16-0622 (2310364-1);28
484;656682;0.75;2;Vazio;1062-16-0622 (2310364-1);28
483;656681;0.75;2;Vazio;1062-16-0622 (2310364-1);28
482;656680;0.75;2;Vazio;1062-16-0622 (2310364-1);28
481;656679;0.75;2;Vazio;1062-16-0622 (2310364-1);28
480;656678;0.75;2;Vazio;1062-16-0622 (2310364-1);28
479;656677;0.75;2;Vazio;1062-16-0622 (2310364-1);28
621;656819;0.75;2;Vazio;1062-16-0622 (2310364-1);28
429;656627;0.75;2;1062-16-0622 (2310364-1);Vazio;28
428;656626;0.75;2;1062-16-0622 (2310364-1);Vazio;28
427;656625;0.75;2;1062-16-0622 (2310364-1);Vazio;28
305;656503;0.75;2;1062-16-0622 (2310364-1);Vazio;28
306;656504;0.75;3;1062-16-0622 (2310364-1);Vazio;28
307;656505;0.75;2;1062-16-0622 (2310364-1);Vazio;28
414;656612;0.75;2;Vazio;1062-16-0622 (2310364-1);28
413;656611;0.75;2;Vazio;1062-16-0622 (2310364-1);28
412;656610;0.75;2;1062-16-0622 (2310364-1);Vazio;28
411;656609;0.75;2;1062-16-0622 (2310364-1);Vazio;28
410;656608;0.75;2;1062-16-0622 (2310364-1);Vazio;28
313;656511;0.75;2;Vazio;1062-16-0622 (2310364-1);28
314;656512;0.75;2;Vazio;1062-16-0622 (2310364-1);28
315;656513;0.75;2;Vazio;1062-16-0622 (2310364-1);28
304;656502;0.75;2;1062-16-0622 (2310364-1);Vazio;28
316;656514;0.75;3;Vazio;1062-16-0622 (2310364-1);28
318;656516;0.75;2;Vazio;1062-16-0622 (2310364-1);28
319;656517;0.75;2;Vazio;1062-16-0622 (2310364-1);28
320;656518;0.75;3;Vazio;1062-16-0622 (2310364-1);28
495;656693;0.75;2;1062-16-0622 (2310364-1);Vazio;28
322;656520;0.75;2;Vazio;1062-16-0622 (2310364-1);28
409;656607;0.75;2;1062-16-0622 (2310364-1);Vazio;28
408;656606;0.75;2;1062-16-0622 (2310364-1);Vazio;28
407;656605;0.75;2;1062-16-0622 (2310364-1);Vazio;28
406;656604;0.75;2;1062-16-0622 (2310364-1);Vazio;28
405;656603;0.75;2;1062-16-0622 (2310364-1);Vazio;28
404;656602;0.75;2;1062-16-0622 (2310364-1);Vazio;28
317;656515;0.75;2;Vazio;1062-16-0622 (2310364-1);28
303;656501;0.75;2;1062-16-0622 (2310364-1);Vazio;28
302;656500;0.75;2;Vazio;1062-16-0622 (2310364-1);28
301;656499;0.75;2;Vazio;1062-16-0622 (2310364-1);28
426;656624;0.75;2;1062-16-0622 (2310364-1);Vazio;28
425;656623;0.75;2;1062-16-0622 (2310364-1);Vazio;28
424;656622;0.75;2;1062-16-0622 (2310364-1);Vazio;28
423;656621;0.75;2;1062-16-0622 (2310364-1);Vazio;28
422;656620;0.75;2;Vazio;1062-16-0622 (2310364-1);28
421;656619;0.75;2;Vazio;1062-16-0622 (2310364-1);28
420;656618;0.75;2;Vazio;1062-16-0622 (2310364-1);28
283;656481;0.75;2;1062-16-0622 (2310364-1);Vazio;28
284;656482;0.75;2;1062-16-0622 (2310364-1);Vazio;28
285;656483;0.75;2;1062-16-0622 (2310364-1);Vazio;28
286;656484;0.75;2;1062-16-0622 (2310364-1);Vazio;28
287;656485;0.75;3;1062-16-0622 (2310364-1);Vazio;28
419;656617;0.75;2;Vazio;1062-16-0622 (2310364-1);28
418;656616;0.75;2;Vazio;1062-16-0622 (2310364-1);28
417;656615;0.75;2;Vazio;1062-16-0622 (2310364-1);28
416;656614;0.75;2;Vazio;1062-16-0622 (2310364-1);28
415;656613;0.75;2;Vazio;1062-16-0622 (2310364-1);28
293;656491;0.75;2;Vazio;1062-16-0622 (2310364-1);28
294;656492;0.75;2;Vazio;1062-16-0622 (2310364-1);28
295;656493;0.75;3;Vazio;1062-16-0622 (2310364-1);28
296;656494;0.75;2;Vazio;1062-16-0622 (2310364-1);28
297;656495;0.75;2;Vazio;1062-16-0622 (2310364-1);28
298;656496;0.75;3;Vazio;1062-16-0622 (2310364-1);28
299;656497;0.75;2;Vazio;1062-16-0622 (2310364-1);28
300;656498;0.75;2;Vazio;1062-16-0622 (2310364-1);28
608;656806;0.75;2;1062-16-0622 (2310364-1);Vazio;28
403;656601;0.75;2;1062-16-0622 (2310364-1);Vazio;28
607;656805;0.75;2;1062-16-0622 (2310364-1);Vazio;28
605;656803;0.75;2;1062-16-0622 (2310364-1);Vazio;28
524;656722;0.75;2;Vazio;1062-16-0622 (2310364-1);28
525;656723;0.75;2;Vazio;1062-16-0622 (2310364-1);28
526;656724;0.75;2;Vazio;1062-16-0622 (2310364-1);28
527;656725;0.75;2;Vazio;1062-16-0622 (2310364-1);28
528;656726;0.75;2;1062-16-0622 (2310364-1);Vazio;28
529;656727;0.75;2;1062-16-0622 (2310364-1);Vazio;28
530;656728;0.75;2;1062-16-0622 (2310364-1);Vazio;28
531;656729;0.75;2;1062-16-0622 (2310364-1);Vazio;28
532;656730;0.75;2;1062-16-0622 (2310364-1);Vazio;28
533;656731;0.75;2;Vazio;1062-16-0622 (2310364-1);28
534;656732;0.75;2;Vazio;1062-16-0622 (2310364-1);28
523;656721;0.75;2;Vazio;1062-16-0622 (2310364-1);28
535;656733;0.75;2;Vazio;1062-16-0622 (2310364-1);28
537;656735;0.75;2;Vazio;1062-16-0622 (2310364-1);28
538;656736;0.75;2;1062-16-0622 (2310364-1);Vazio;28
539;656737;0.75;2;1062-16-0622 (2310364-1);Vazio;28
540;656738;0.75;2;1062-16-0622 (2310364-1);Vazio;28
541;656739;0.75;2;1062-16-0622 (2310364-1);Vazio;28
542;656740;0.75;2;1062-16-0622 (2310364-1);Vazio;28
543;656741;0.75;2;Vazio;1062-16-0622 (2310364-1);28
544;656742;0.75;2;Vazio;1062-16-0622 (2310364-1);28
545;656743;0.75;2;Vazio;1062-16-0622 (2310364-1);28
546;656744;0.75;2;Vazio;1062-16-0622 (2310364-1);28
547;656745;0.75;2;Vazio;1062-16-0622 (2310364-1);28
536;656734;0.75;2;Vazio;1062-16-0622 (2310364-1);28
548;656746;0.75;2;1062-16-0622 (2310364-1);Vazio;28
522;656720;0.75;2;1062-16-0622 (2310364-1);Vazio;28
520;656718;0.75;2;1062-16-0622 (2310364-1);Vazio;28
496;656694;0.75;2;1062-16-0622 (2310364-1);Vazio;28
497;656695;0.75;2;1062-16-0622 (2310364-1);Vazio;28
498;656696;0.75;2;Vazio;1062-16-0622 (2310364-1);28
499;656697;0.75;2;Vazio;1062-16-0622 (2310364-1);28
500;656698;0.75;2;Vazio;1062-16-0622 (2310364-1);28
501;656699;0.75;2;Vazio;1062-16-0622 (2310364-1);28
502;656700;0.75;2;Vazio;1062-16-0622 (2310364-1);28
503;656701;0.75;2;Vazio;1062-16-0622 (2310364-1);28
504;656702;0.75;2;Vazio;1062-16-0622 (2310364-1);28
505;656703;0.75;2;Vazio;1062-16-0622 (2310364-1);28
506;656704;0.75;2;Vazio;1062-16-0622 (2310364-1);28
521;656719;0.75;2;1062-16-0622 (2310364-1);Vazio;28
507;656705;0.75;2;Vazio;1062-16-0622 (2310364-1);28
509;656707;0.75;2;1062-16-0622 (2310364-1);Vazio;28
510;656708;0.75;2;1062-16-0622 (2310364-1);Vazio;28
511;656709;0.75;2;1062-16-0622 (2310364-1);Vazio;28
512;656710;0.75;2;1062-16-0622 (2310364-1);Vazio;28
513;656711;0.75;2;Vazio;1062-16-0622 (2310364-1);28
514;656712;0.75;2;Vazio;1062-16-0622 (2310364-1);28
515;656713;0.75;2;Vazio;1062-16-0622 (2310364-1);28
516;656714;0.75;2;Vazio;1062-16-0622 (2310364-1);28
517;656715;0.75;2;Vazio;1062-16-0622 (2310364-1);28
518;656716;0.75;2;1062-16-0622 (2310364-1);Vazio;28
519;656717;0.75;2;1062-16-0622 (2310364-1);Vazio;28
508;656706;0.75;2;1062-16-0622 (2310364-1);Vazio;28
549;656747;0.75;2;1062-16-0622 (2310364-1);Vazio;28
550;656748;0.75;2;1062-16-0622 (2310364-1);Vazio;28
551;656749;0.75;2;1062-16-0622 (2310364-1);Vazio;28
581;656779;0.75;2;Vazio;1062-16-0622 (2310364-1);28
582;656780;0.75;2;Vazio;1062-16-0622 (2310364-1);28
493;656691;0.75;2;1062-16-0622 (2310364-1);Vazio;28
492;656690;0.75;2;Vazio;1062-16-0622 (2310364-1);28
491;656689;0.75;2;Vazio;1062-16-0622 (2310364-1);28
490;656688;0.75;2;Vazio;1062-16-0622 (2310364-1);28
489;656687;0.75;2;Vazio;1062-16-0622 (2310364-1);28
588;656786;0.75;2;Vazio;1062-16-0622 (2310364-1);28
589;656787;0.75;2;Vazio;1062-16-0622 (2310364-1);28
590;656788;0.75;2;Vazio;1062-16-0622 (2310364-1);28
591;656789;0.75;2;Vazio;1062-16-0622 (2310364-1);28
580;656778;0.75;2;Vazio;1062-16-0622 (2310364-1);28
592;656790;0.75;2;Vazio;1062-16-0622 (2310364-1);28
594;656792;0.75;2;Vazio;1062-16-0622 (2310364-1);28
595;656793;0.75;2;Vazio;1062-16-0622 (2310364-1);28
596;656794;0.75;2;Vazio;1062-16-0622 (2310364-1);28
597;656795;0.75;2;Vazio;1062-16-0622 (2310364-1);28
598;656796;0.75;2;1062-16-0622 (2310364-1);Vazio;28
599;656797;0.75;2;1062-16-0622 (2310364-1);Vazio;28
600;656798;0.75;2;1062-16-0622 (2310364-1);Vazio;28
601;656799;0.75;2;1062-16-0622 (2310364-1);Vazio;28
602;656800;0.75;2;1062-16-0622 (2310364-1);Vazio;28
603;656801;0.75;2;1062-16-0622 (2310364-1);Vazio;28
604;656802;0.75;2;1062-16-0622 (2310364-1);Vazio;28
593;656791;0.75;2;Vazio;1062-16-0622 (2310364-1);28
579;656777;0.75;2;Vazio;1062-16-0622 (2310364-1);28
578;656776;0.75;2;Vazio;1062-16-0622 (2310364-1);28
577;656775;0.75;2;1062-16-0622 (2310364-1);Vazio;28
552;656750;0.75;2;1062-16-0622 (2310364-1);Vazio;28
553;656751;0.75;2;Vazio;1062-16-0622 (2310364-1);28
554;656752;0.75;2;Vazio;1062-16-0622 (2310364-1);28
555;656753;0.75;2;Vazio;1062-16-0622 (2310364-1);28
556;656754;0.75;2;Vazio;1062-16-0622 (2310364-1);28
557;656755;0.75;2;Vazio;1062-16-0622 (2310364-1);28
558;656756;0.75;2;Vazio;1062-16-0622 (2310364-1);28
559;656757;0.75;2;Vazio;1062-16-0622 (2310364-1);28
560;656758;0.75;2;Vazio;1062-16-0622 (2310364-1);28
561;656759;0.75;2;Vazio;1062-16-0622 (2310364-1);28
562;656760;0.75;2;Vazio;1062-16-0622 (2310364-1);28
563;656761;0.75;2;1062-16-0622 (2310364-1);Vazio;28
564;656762;0.75;2;1062-16-0622 (2310364-1);Vazio;28
565;656763;0.75;2;1062-16-0622 (2310364-1);Vazio;28
566;656764;0.75;2;1062-16-0622 (2310364-1);Vazio;28
567;656765;0.75;2;1062-16-0622 (2310364-1);Vazio;28
568;656766;0.75;2;Vazio;1062-16-0622 (2310364-1);28
569;656767;0.75;2;Vazio;1062-16-0622 (2310364-1);28
570;656768;0.75;2;Vazio;1062-16-0622 (2310364-1);28
571;656769;0.75;2;Vazio;1062-16-0622 (2310364-1);28
572;656770;0.75;2;Vazio;1062-16-0622 (2310364-1);28
573;656771;0.75;2;1062-16-0622 (2310364-1);Vazio;28
574;656772;0.75;2;1062-16-0622 (2310364-1);Vazio;28
575;656773;0.75;2;1062-16-0622 (2310364-1);Vazio;28
576;656774;0.75;2;1062-16-0622 (2310364-1);Vazio;28
606;656804;0.75;2;1062-16-0622 (2310364-1);Vazio;28
402;656600;0.75;2;Vazio;1062-16-0622 (2310364-1);28
321;656519;0.75;2;Vazio;1062-16-0622 (2310364-1);28
400;656598;0.75;2;Vazio;1062-16-0622 (2310364-1);28
690;656888;0.75;2;Vazio;1062-16-0622 (2310364-1);28
691;656889;0.75;2;Vazio;1062-16-0622 (2310364-1);28
692;656890;0.75;2;Vazio;1062-16-0622 (2310364-1);28
693;656891;0.75;2;Vazio;1062-16-0622 (2310364-1);28
694;656892;0.75;2;Vazio;1062-16-0622 (2310364-1);28
695;656893;0.75;2;Vazio;1062-16-0622 (2310364-1);28
696;656894;0.75;2;Vazio;1062-16-0622 (2310364-1);28
697;656895;0.75;2;Vazio;1062-16-0622 (2310364-1);28
698;656896;0.75;2;Vazio;1062-16-0622 (2310364-1);28
699;656897;0.75;2;Vazio;1062-16-0622 (2310364-1);28
689;656887;0.75;2;Vazio;1062-16-0622 (2310364-1);28
700;656898;0.75;2;Vazio;1062-16-0622 (2310364-1);28
702;656900;0.75;2;Vazio;1062-16-0622 (2310364-1);28
368;656566;0.75;2;Vazio;1062-16-0622 (2310364-1);28
369;656567;0.75;2;Vazio;1062-16-0622 (2310364-1);28
370;656568;0.75;2;Vazio;1062-16-0622 (2310364-1);28
371;656569;0.75;2;Vazio;1062-16-0622 (2310364-1);28
372;656570;0.75;2;Vazio;1062-16-0622 (2310364-1);28
373;656571;0.75;2;Vazio;1062-16-0622 (2310364-1);28
374;656572;0.75;2;Vazio;1062-16-0622 (2310364-1);28
375;656573;0.75;2;Vazio;1062-16-0622 (2310364-1);28
376;656574;0.75;2;Vazio;1062-16-0622 (2310364-1);28
701;656899;0.75;2;Vazio;1062-16-0622 (2310364-1);28
688;656886;0.75;2;Vazio;1062-16-0622 (2310364-1);28
687;656885;0.75;2;Vazio;1062-16-0622 (2310364-1);28
686;656884;0.75;2;Vazio;1062-16-0622 (2310364-1);28
353;656551;0.75;2;Vazio;1062-16-0622 (2310364-1);28
354;656552;0.75;2;Vazio;1062-16-0622 (2310364-1);28
355;656553;0.75;2;Vazio;1062-16-0622 (2310364-1);28
356;656554;0.75;2;Vazio;1062-16-0622 (2310364-1);28
357;656555;0.75;2;Vazio;1062-16-0622 (2310364-1);28
668;656866;0.75;2;1062-16-0622 (2310364-1);Vazio;28
669;656867;0.75;2;1062-16-0622 (2310364-1);Vazio;28
670;656868;0.75;2;1062-16-0622 (2310364-1);Vazio;28
671;656869;0.75;2;1062-16-0622 (2310364-1);Vazio;28
672;656870;0.75;2;1062-16-0622 (2310364-1);Vazio;28
673;656871;0.75;2;1062-16-0622 (2310364-1);Vazio;28
674;656872;0.75;2;1062-16-0622 (2310364-1);Vazio;28
675;656873;0.75;2;1062-16-0622 (2310364-1);Vazio;28
676;656874;0.75;2;1062-16-0622 (2310364-1);Vazio;28
677;656875;0.75;2;1062-16-0622 (2310364-1);Vazio;28
678;656876;0.75;2;1062-16-0622 (2310364-1);Vazio;28
679;656877;0.75;2;1062-16-0622 (2310364-1);Vazio;28
680;656878;0.75;2;1062-16-0622 (2310364-1);Vazio;28
681;656879;0.75;2;1062-16-0622 (2310364-1);Vazio;28
682;656880;0.75;2;1062-16-0622 (2310364-1);Vazio;28
683;656881;0.75;2;Vazio;1062-16-0622 (2310364-1);28
684;656882;0.75;2;Vazio;1062-16-0622 (2310364-1);28
685;656883;0.75;2;Vazio;1062-16-0622 (2310364-1);28
377;656575;0.75;2;Vazio;1062-16-0622 (2310364-1);28
401;656599;0.75;2;Vazio;1062-16-0622 (2310364-1);28
494;656692;0.75;2;1062-16-0622 (2310364-1);Vazio;28
843;657041;0.75;2;Vazio;1062-16-0622 (2310364-1);28
826;657024;0.75;2;Vazio;1062-16-0622 (2310364-1);28
828;657026;0.75;2;Vazio;1062-16-0622 (2310364-1);28
845;657043;0.75;2;Vazio;1062-16-0622 (2310364-1);28
844;657042;0.75;2;Vazio;1062-16-0622 (2310364-1);28
829;657027;0.75;2;Vazio;1062-16-0622 (2310364-1);28
397;656595;0.75;2;Vazio;1062-16-0622 (2310364-1);28
396;656594;0.75;2;Vazio;1062-16-0622 (2310364-1);28
827;657025;0.75;2;Vazio;1062-16-0622 (2310364-1);28
395;656593;0.75;2;Vazio;1062-16-0622 (2310364-1);28
393;656591;0.75;2;Vazio;1062-16-0622 (2310364-1);28
837;657035;0.75;2;Vazio;1062-16-0622 (2310364-1);28
836;657034;0.75;2;Vazio;1062-16-0622 (2310364-1);28
835;657033;0.75;2;Vazio;1062-16-0622 (2310364-1);28
834;657032;0.75;2;Vazio;1062-16-0622 (2310364-1);28
833;657031;0.75;2;Vazio;1062-16-0622 (2310364-1);28
832;657030;0.75;2;Vazio;1062-16-0622 (2310364-1);28
394;656592;0.75;2;Vazio;1062-16-0622 (2310364-1);28
831;657029;0.75;2;Vazio;1062-16-0622 (2310364-1);28
830;657028;0.75;2;Vazio;1062-16-0622 (2310364-1);28
388;656586;0.75;2;1062-16-0622 (2310364-1);Vazio;28
825;657023;0.75;2;Vazio;1062-16-0622 (2310364-1);28
824;657022;0.75;2;Vazio;1062-16-0622 (2310364-1);28
399;656597;0.75;2;Vazio;1062-16-0622 (2310364-1);28
823;657021;0.75;2;Vazio;1062-16-0622 (2310364-1);28
398;656596;0.75;2;Vazio;1062-16-0622 (2310364-1);28
847;657045;0.75;2;Vazio;1062-16-0622 (2310364-1);28
846;657044;0.75;2;Vazio;1062-16-0622 (2310364-1);28
390;656588;0.75;2;1062-16-0622 (2310364-1);Vazio;28
391;656589;0.75;2;1062-16-0622 (2310364-1);Vazio;28
392;656590;0.75;2;1062-16-0622 (2310364-1);Vazio;28
389;656587;0.75;2;1062-16-0622 (2310364-1);Vazio;28
763;656961;0.75;2;1062-16-0622 (2310364-1);1062-16-0622 (2310364-1);29
768;656966;0.75;2;1062-16-0622 (2310364-1);1062-16-0622 (2310364-1);29
767;656965;0.75;2;1062-16-0622 (2310364-1);1062-16-0622 (2310364-1);29
766;656964;0.75;2;1062-16-0622 (2310364-1);1062-16-0622 (2310364-1);29
765;656963;0.75;2;1062-16-0622 (2310364-1);1062-16-0622 (2310364-1);29
764;656962;0.75;2;1062-16-0622 (2310364-1);1062-16-0622 (2310364-1);29
760;656958;0.75;2;1062-16-0622 (2310364-1);1062-16-0622 (2310364-1);29
762;656960;0.75;2;1062-16-0622 (2310364-1);1062-16-0622 (2310364-1);29
761;656959;0.75;2;1062-16-0622 (2310364-1);1062-16-0622 (2310364-1);29
757;656955;0.75;2;1062-16-0622 (2310364-1);1062-16-0622 (2310364-1);29
759;656957;0.75;2;1062-16-0622 (2310364-1);1062-16-0622 (2310364-1);29
758;656956;0.75;2;1062-16-0622 (2310364-1);1062-16-0622 (2310364-1);29
756;656954;0.75;2;1062-16-0622 (2310364-1);1062-16-0622 (2310364-1);29
755;656953;0.75;2;1062-16-0622 (2310364-1);1062-16-0622 (2310364-1);29
754;656952;0.75;2;1062-16-0622 (2310364-1);1062-16-0622 (2310364-1);29
753;656951;0.75;2;1062-16-0622 (2310364-1);1062-16-0622 (2310364-1);29
813;657011;0.75;2;1062-16-0622 (2310364-1);1062-16-0622 (2310364-1);29
814;657012;0.75;2;1062-16-0622 (2310364-1);1062-16-0622 (2310364-1);29
815;657013;0.75;2;1062-16-0622 (2310364-1);1062-16-0622 (2310364-1);29
816;657014;0.75;2;1062-16-0622 (2310364-1);1062-16-0622 (2310364-1);29
817;657015;0.75;2;1062-16-0622 (2310364-1);1062-16-0622 (2310364-1);29
769;656967;0.75;2;1062-16-0622 (2310364-1);1062-16-0622 (2310364-1);29
770;656968;0.75;2;1062-16-0622 (2310364-1);1062-16-0622 (2310364-1);29
774;656972;0.75;2;1062-16-0622 (2310364-1);1062-16-0622 (2310364-1);29
772;656970;0.75;2;1062-16-0622 (2310364-1);1062-16-0622 (2310364-1);29
812;657010;0.75;2;1062-16-0622 (2310364-1);1062-16-0622 (2310364-1);29
811;657009;0.75;2;1062-16-0622 (2310364-1);1062-16-0622 (2310364-1);29
810;657008;0.75;2;1062-16-0622 (2310364-1);1062-16-0622 (2310364-1);29
809;657007;0.75;2;1062-16-0622 (2310364-1);1062-16-0622 (2310364-1);29
808;657006;0.75;2;1062-16-0622 (2310364-1);1062-16-0622 (2310364-1);29
807;657005;0.75;2;1062-16-0622 (2310364-1);1062-16-0622 (2310364-1);29
771;656969;0.75;2;1062-16-0622 (2310364-1);1062-16-0622 (2310364-1);29
805;657003;0.75;2;1062-16-0622 (2310364-1);1062-16-0622 (2310364-1);29
804;657002;0.75;2;1062-16-0622 (2310364-1);1062-16-0622 (2310364-1);29
803;657001;0.75;2;1062-16-0622 (2310364-1);1062-16-0622 (2310364-1);29
802;657000;0.75;2;1062-16-0622 (2310364-1);1062-16-0622 (2310364-1);29
801;656999;0.75;2;1062-16-0622 (2310364-1);1062-16-0622 (2310364-1);29
800;656998;0.75;2;1062-16-0622 (2310364-1);1062-16-0622 (2310364-1);29
799;656997;0.75;2;1062-16-0622 (2310364-1);1062-16-0622 (2310364-1);29
798;656996;0.75;2;1062-16-0622 (2310364-1);1062-16-0622 (2310364-1);29
806;657004;0.75;2;1062-16-0622 (2310364-1);1062-16-0622 (2310364-1);29
796;656994;0.75;2;1062-16-0622 (2310364-1);1062-16-0622 (2310364-1);29
797;656995;0.75;2;1062-16-0622 (2310364-1);1062-16-0622 (2310364-1);29
773;656971;0.75;2;1062-16-0622 (2310364-1);1062-16-0622 (2310364-1);29
775;656973;0.75;2;1062-16-0622 (2310364-1);1062-16-0622 (2310364-1);29
777;656975;0.75;2;1062-16-0622 (2310364-1);1062-16-0622 (2310364-1);29
778;656976;0.75;2;1062-16-0622 (2310364-1);1062-16-0622 (2310364-1);29
779;656977;0.75;2;1062-16-0622 (2310364-1);1062-16-0622 (2310364-1);29
776;656974;0.75;2;1062-16-0622 (2310364-1);1062-16-0622 (2310364-1);29
781;656979;0.75;2;1062-16-0622 (2310364-1);1062-16-0622 (2310364-1);29
782;656980;0.75;2;1062-16-0622 (2310364-1);1062-16-0622 (2310364-1);29
793;656991;0.75;2;1062-16-0622 (2310364-1);1062-16-0622 (2310364-1);29
794;656992;0.75;2;1062-16-0622 (2310364-1);1062-16-0622 (2310364-1);29
795;656993;0.75;2;1062-16-0622 (2310364-1);1062-16-0622 (2310364-1);29
780;656978;0.75;2;1062-16-0622 (2310364-1);1062-16-0622 (2310364-1);29
712;656910;0.75;2;770520-1;1062-16-0622 (2310364-1);30
718;656916;0.75;2;770520-1;1062-16-0622 (2310364-1);30
717;656915;0.75;2;770520-1;1062-16-0622 (2310364-1);30
716;656914;0.75;2;770520-1;1062-16-0622 (2310364-1);30
715;656913;0.75;2;770520-1;1062-16-0622 (2310364-1);30
714;656912;0.75;2;770520-1;1062-16-0622 (2310364-1);30
713;656911;0.75;2;770520-1;1062-16-0622 (2310364-1);30
711;656909;0.75;2;770520-1;1062-16-0622 (2310364-1);30
704;656902;0.75;2;770520-1;1062-16-0622 (2310364-1);30
709;656907;0.75;2;770520-1;1062-16-0622 (2310364-1);30
708;656906;0.75;2;770520-1;1062-16-0622 (2310364-1);30
707;656905;0.75;2;770520-1;1062-16-0622 (2310364-1);30
706;656904;0.75;2;770520-1;1062-16-0622 (2310364-1);30
705;656903;0.75;2;770520-1;1062-16-0622 (2310364-1);30
703;656901;0.75;2;770520-1;1062-16-0622 (2310364-1);30
719;656917;0.75;2;770520-1;1062-16-0622 (2310364-1);30
710;656908;0.75;2;770520-1;1062-16-0622 (2310364-1);30
720;656918;0.75;2;770520-1;1062-16-0622 (2310364-1);30
731;656929;0.75;2;770520-1;1062-16-0622 (2310364-1);30
722;656920;0.75;2;770520-1;1062-16-0622 (2310364-1);30
721;656919;0.75;2;770520-1;1062-16-0622 (2310364-1);30
742;656940;0.75;2;770520-1;1062-16-0622 (2310364-1);30
741;656939;0.75;2;770520-1;1062-16-0622 (2310364-1);30
740;656938;0.75;2;770520-1;1062-16-0622 (2310364-1);30
739;656937;0.75;2;770520-1;1062-16-0622 (2310364-1);30
738;656936;0.75;2;770520-1;1062-16-0622 (2310364-1);30
737;656935;0.75;2;770520-1;1062-16-0622 (2310364-1);30
735;656933;0.75;2;770520-1;1062-16-0622 (2310364-1);30
734;656932;0.75;2;770520-1;1062-16-0622 (2310364-1);30
733;656931;0.75;2;770520-1;1062-16-0622 (2310364-1);30
736;656934;0.75;2;770520-1;1062-16-0622 (2310364-1);30
724;656922;0.75;2;770520-1;1062-16-0622 (2310364-1);30
730;656928;0.75;2;770520-1;1062-16-0622 (2310364-1);30
723;656921;0.75;2;770520-1;1062-16-0622 (2310364-1);30
729;656927;0.75;2;770520-1;1062-16-0622 (2310364-1);30
728;656926;0.75;2;770520-1;1062-16-0622 (2310364-1);30
727;656925;0.75;2;770520-1;1062-16-0622 (2310364-1);30
726;656924;0.75;2;770520-1;1062-16-0622 (2310364-1);30
725;656923;0.75;2;770520-1;1062-16-0622 (2310364-1);30
732;656930;0.75;2;770520-1;1062-16-0622 (2310364-1);30
237;656435;0.75;2;1062-16-0622 (2310364-1);FR2064-C;31
236;656434;0.75;2;1062-16-0622 (2310364-1);FR2064-C;31
233;656431;0.75;2;1062-16-0622 (2310364-1);FR2064-C;31
234;656432;0.75;2;1062-16-0622 (2310364-1);FR2064-C;31
235;656433;0.75;2;1062-16-0622 (2310364-1);FR2064-C;31
792;656990;0.75;2;1062-16-0622 (2310364-1);735222-2;32
789;656987;0.75;2;1062-16-0622 (2310364-1);735222-2;32
790;656988;0.75;2;1062-16-0622 (2310364-1);735222-2;32
788;656986;0.75;2;1062-16-0622 (2310364-1);735222-2;32
791;656989;0.75;2;1062-16-0622 (2310364-1);735222-2;32
276;656474;0.75;2;1062-16-0622 (2310364-1);1060-16-0622;33
856;657054;0.75;2;1060-16-0622;1062-16-0622 (2310364-1);33
857;657055;0.75;2;1060-16-0622;1062-16-0622 (2310364-1);33
280;656478;0.75;2;1062-16-0622 (2310364-1);1060-16-0622;33
275;656473;0.75;2;1062-16-0622 (2310364-1);1060-16-0622;33
281;656479;0.75;2;1062-16-0622 (2310364-1);1060-16-0622;33
282;656480;0.75;2;1062-16-0622 (2310364-1);1060-16-0622;33
278;656476;0.75;2;1062-16-0622 (2310364-1);1060-16-0622;33
227;656425;0.75;2;1060-16-0622;1062-16-0622 (2310364-1);33
226;656424;0.75;2;1060-16-0622;1062-16-0622 (2310364-1);33
225;656423;0.75;2;1060-16-0622;1062-16-0622 (2310364-1);33
224;656422;0.75;2;1060-16-0622;1062-16-0622 (2310364-1);33
223;656421;0.75;2;1060-16-0622;1062-16-0622 (2310364-1);33
222;656420;0.75;2;1060-16-0622;1062-16-0622 (2310364-1);33
221;656419;0.75;2;1060-16-0622;1062-16-0622 (2310364-1);33
220;656418;0.75;2;1060-16-0622;1062-16-0622 (2310364-1);33
219;656417;0.75;2;1060-16-0622;1062-16-0622 (2310364-1);33
218;656416;0.75;2;1060-16-0622;1062-16-0622 (2310364-1);33
855;657053;0.75;2;1060-16-0622;1062-16-0622 (2310364-1);33
854;657052;0.75;2;1060-16-0622;1062-16-0622 (2310364-1);33
277;656475;0.75;2;1062-16-0622 (2310364-1);1060-16-0622;33
852;657050;0.75;2;1060-16-0622;1062-16-0622 (2310364-1);33
851;657049;0.75;2;1060-16-0622;1062-16-0622 (2310364-1);33
850;657048;0.75;2;1060-16-0622;1062-16-0622 (2310364-1);33
849;657047;0.75;2;1060-16-0622;1062-16-0622 (2310364-1);33
848;657046;0.75;2;1060-16-0622;1062-16-0622 (2310364-1);33
274;656472;0.75;2;1062-16-0622 (2310364-1);1060-16-0622;33
273;656471;0.75;2;1062-16-0622 (2310364-1);1060-16-0622;33
279;656477;0.75;2;1062-16-0622 (2310364-1);1060-16-0622;33
853;657051;0.75;2;1060-16-0622;1062-16-0622 (2310364-1);33
785;656983;0.75;2;1062-16-0622 (2310364-1);444334-2;34
786;656984;0.75;2;1062-16-0622 (2310364-1);444334-2;34
783;656981;0.75;2;1062-16-0622 (2310364-1);444334-2;34
787;656985;0.75;2;1062-16-0622 (2310364-1);444334-2;34
784;656982;0.75;2;1062-16-0622 (2310364-1);444334-2;34
1772;678796;1.0;3;ZV3MA0039;Vazio;35
1683;678706;1.0;2;ZV3MA0039;Vazio;35
1682;678705;1.0;2;ZV3MA0039;Vazio;35
1674;678697;1.0;1;ZV3MA0039;Vazio;35
1673;678696;1.0;1;ZV3MA0039;Vazio;35
1672;678695;1.0;1;ZV3MA0039;Vazio;35
1671;678694;1.0;1;ZV3MA0039;Vazio;35
1670;678693;1.0;1;ZV3MA0039;Vazio;35
1665;678688;1.0;2;ZV3MA0039;Vazio;35
1650;678673;1.0;10;ZV3MA0039;Vazio;35
1649;678672;1.0;1;ZV3MA0039;Vazio;35
1608;678631;1.0;10;ZV3MA0039;Vazio;35
1763;678786;1.0;1;ZV3MA0039;Vazio;35
1764;678787;1.0;1;ZV3MA0039;Vazio;35
1768;678792;1.0;20;ZV3MA0039;Vazio;35
1769;678793;1.0;6;ZV3MA0039;Vazio;35
1770;678794;1.0;3;ZV3MA0039;Vazio;35
1771;678795;1.0;3;ZV3MA0039;Vazio;35
1664;678687;1.0;10;ZV3MA0039;Vazio;35
1767;678791;1.0;3;ZV3MA0039;Vazio;35
1749;678772;1.0;3;ZV3MA0039;Vazio;35
1746;678769;1.0;20;ZV3MA0039;Vazio;35
1748;678771;1.0;3;ZV3MA0039;Vazio;35
1568;678591;1.0;6;ZV3MA0039;ZV3MA0039;36
1563;678586;1.0;2;ZV3MA0039;ZV3MA0039;36
1564;678587;1.0;4;ZV3MA0039;ZV3MA0039;36
1565;678588;1.0;2;ZV3MA0039;ZV3MA0039;36
1566;678589;1.0;2;ZV3MA0039;ZV3MA0039;36
1567;678590;1.0;2;ZV3MA0039;ZV3MA0039;36
1569;678592;1.0;4;ZV3MA0039;ZV3MA0039;36
1570;678593;1.0;20;ZV3MA0039;ZV3MA0039;36
1571;678594;1.0;4;ZV3MA0039;ZV3MA0039;36
1572;678595;1.0;2;ZV3MA0039;ZV3MA0039;36
1573;678596;1.0;3;ZV3MA0039;ZV3MA0039;36
1575;678598;1.0;3;ZV3MA0039;ZV3MA0039;36
1582;678605;1.0;1;ZV3MA0039;ZV3MA0039;36
1583;678606;1.0;2;ZV3MA0039;ZV3MA0039;36
1584;678607;1.0;10;ZV3MA0039;ZV3MA0039;36
1585;678608;1.0;3;ZV3MA0039;ZV3MA0039;36
1599;678622;1.0;10;ZV3MA0039;ZV3MA0039;36
1598;678621;1.0;1;ZV3MA0039;ZV3MA0039;36
1597;678620;1.0;10;ZV3MA0039;ZV3MA0039;36
1596;678619;1.0;9;ZV3MA0039;ZV3MA0039;36
1595;678618;1.0;18;ZV3MA0039;ZV3MA0039;36
1594;678617;1.0;3;ZV3MA0039;ZV3MA0039;36
1562;678585;1.0;4;ZV3MA0039;ZV3MA0039;36
1593;678616;1.0;4;ZV3MA0039;ZV3MA0039;36
1591;678614;1.0;2;ZV3MA0039;ZV3MA0039;36
1590;678613;1.0;20;ZV3MA0039;ZV3MA0039;36
1589;678612;1.0;4;ZV3MA0039;ZV3MA0039;36
1588;678611;1.0;1;ZV3MA0039;ZV3MA0039;36
1587;678610;1.0;2;ZV3MA0039;ZV3MA0039;36
1586;678609;1.0;10;ZV3MA0039;ZV3MA0039;36
1592;678615;1.0;2;ZV3MA0039;ZV3MA0039;36
1561;678584;1.0;2;ZV3MA0039;ZV3MA0039;36
1524;678547;1.0;2;ZV3MA0039;ZV3MA0039;36
1600;678623;1.0;10;ZV3MA0039;ZV3MA0039;36
1725;678748;1.0;6;ZV3MA0039;ZV3MA0039;36
1724;678747;1.0;3;ZV3MA0039;ZV3MA0039;36
1723;678746;1.0;2;ZV3MA0039;ZV3MA0039;36
1722;678745;1.0;1;ZV3MA0039;ZV3MA0039;36
1489;678512;1.0;4;ZV3MA0039;ZV3MA0039;36
1490;678513;1.0;8;ZV3MA0039;ZV3MA0039;36
1495;678518;1.0;2;ZV3MA0039;ZV3MA0039;36
1496;678519;1.0;3;ZV3MA0039;ZV3MA0039;36
1497;678520;1.0;6;ZV3MA0039;ZV3MA0039;36
1498;678521;1.0;1;ZV3MA0039;ZV3MA0039;36
1499;678522;1.0;2;ZV3MA0039;ZV3MA0039;36
1500;678523;1.0;4;ZV3MA0039;ZV3MA0039;36
1501;678524;1.0;2;ZV3MA0039;ZV3MA0039;36
1502;678525;1.0;4;ZV3MA0039;ZV3MA0039;36
1525;678548;1.0;4;ZV3MA0039;ZV3MA0039;36
1503;678526;1.0;4;ZV3MA0039;ZV3MA0039;36
1505;678528;1.0;1;ZV3MA0039;ZV3MA0039;36
1509;678532;1.0;4;ZV3MA0039;ZV3MA0039;36
1510;678533;1.0;4;ZV3MA0039;ZV3MA0039;36
1511;678534;1.0;16;ZV3MA0039;ZV3MA0039;36
1512;678535;1.0;4;ZV3MA0039;ZV3MA0039;36
1513;678536;1.0;2;ZV3MA0039;ZV3MA0039;36
1514;678537;1.0;4;ZV3MA0039;ZV3MA0039;36
1515;678538;1.0;4;ZV3MA0039;ZV3MA0039;36
1516;678539;1.0;2;ZV3MA0039;ZV3MA0039;36
1517;678540;1.0;1;ZV3MA0039;ZV3MA0039;36
1520;678543;1.0;2;ZV3MA0039;ZV3MA0039;36
1521;678544;1.0;2;ZV3MA0039;ZV3MA0039;36
1522;678545;1.0;10;ZV3MA0039;ZV3MA0039;36
1523;678546;1.0;1;ZV3MA0039;ZV3MA0039;36
1504;678527;1.0;2;ZV3MA0039;ZV3MA0039;36
1601;678624;1.0;1;ZV3MA0039;ZV3MA0039;36
1574;678597;1.0;3;ZV3MA0039;ZV3MA0039;36
1603;678626;1.0;2;ZV3MA0039;ZV3MA0039;36
1762;678785;1.0;1;ZV3MA0039;ZV3MA0039;36
1602;678625;1.0;2;ZV3MA0039;ZV3MA0039;36
1681;678704;1.0;1;ZV3MA0039;ZV3MA0039;36
960;660512;1.0;4;ZV3MA0039;ZV3MA0039;36
1669;678692;1.0;2;ZV3MA0039;ZV3MA0039;36
1668;678691;1.0;1;ZV3MA0039;ZV3MA0039;36
1642;678665;1.0;6;ZV3MA0039;ZV3MA0039;36
1641;678664;1.0;5;ZV3MA0039;ZV3MA0039;36
1640;678663;1.0;5;ZV3MA0039;ZV3MA0039;36
1639;678662;1.0;1;ZV3MA0039;ZV3MA0039;36
1638;678661;1.0;2;ZV3MA0039;ZV3MA0039;36
1637;678660;1.0;2;ZV3MA0039;ZV3MA0039;36
1636;678659;1.0;6;ZV3MA0039;ZV3MA0039;36
1635;678658;1.0;5;ZV3MA0039;ZV3MA0039;36
1684;678707;1.0;2;ZV3MA0039;ZV3MA0039;36
1634;678657;1.0;6;ZV3MA0039;ZV3MA0039;36
1604;678627;1.0;10;ZV3MA0039;ZV3MA0039;36
1734;678757;1.0;1;ZV3MA0039;FA2200-C;37
1761;678784;1.0;1;ZV3MA0039;FA2200-C;37
1617;678640;1.0;2;626029-2;ZV3MA0039;38
1765;678789;1.0;3;ZV3MA0039;160916-6;39
967;660537;1.0;4;ZV3MA0039;237.01;40
1613;678636;1.0;4;ZV3MA0039;231-702/026-000;41
1614;678637;1.0;4;ZV3MA0039;231-702/026-000;41
1616;678639;1.0;4;ZV3MA0039;231-302/026-000;42
1615;678638;1.0;4;ZV3MA0039;231-302/026-000;42
973;660749;1.0;1;ZV3MA0039;734-202;43
974;660750;1.0;1;ZV3MA0039;734-202;43
1508;678531;1.0;4;ZV3MA0039;231-633;44
1507;678530;1.0;4;ZV3MA0039;231-633;44
1506;678529;1.0;4;ZV3MA0039;231-633;44
970;660543;1.0;4;ZV3MA0039;231-632;45
969;660541;1.0;4;ZV3MA0039;231-632;45
1609;678632;1.0;4;ZV3MA0039;231-632;45
1610;678633;1.0;4;ZV3MA0039;231-632;45
1675;678698;1.0;1;ZV3MA0039;160739-9;46
1721;678744;1.0;10;ZV3MA0039;ZV3AE0622;47
1754;678777;1.0;3;ZV3AE0622;ZV3MA0039;47
1773;678797;1.0;10;ZV3AE0622;ZV3MA0039;47
1755;678778;1.0;3;ZV3AE0622;ZV3MA0039;47
1680;678703;1.0;1;ZV3MA0039;444335-2;48
1686;678709;1.0;2;444335-2;ZV3MA0039;48
1605;678628;1.0;10;ZV3MA0039;444335-2;48
1685;678708;1.0;2;444335-2;ZV3MA0039;48
968;660538;1.0;4;ZV3MA0039;444335-2;48
1679;678702;1.0;1;ZV3MA0039;444335-2;48
1687;678710;1.0;3;ZV3MA0039;444335-2;48
1606;678629;1.0;10;444335-2;ZV3MA0039;48
1607;678630;1.0;10;444335-2;ZV3MA0039;48
1758;678781;1.0;10;ZV3MA0039;444335-2;48
1677;678700;1.0;1;444335-2;ZV3MA0039;48
1678;678701;1.0;1;444335-2;ZV3MA0039;48
1667;678690;1.0;2;ZV3MA0039;444335-2;48
1766;678790;1.0;3;444335-2;ZV3MA0039;48
27;656225;1.5;2;Vazio;444335-2;49
338;656536;1.5;2;444335-2;Vazio;49
28;656226;1.5;2;Vazio;444335-2;49
29;656227;1.5;2;Vazio;444335-2;49
30;656228;1.5;2;Vazio;444335-2;49
31;656229;1.5;2;Vazio;444335-2;49
32;656230;1.5;2;Vazio;444335-2;49
33;656231;1.5;2;Vazio;444335-2;49
34;656232;1.5;2;Vazio;444335-2;49
35;656233;1.5;2;Vazio;444335-2;49
36;656234;1.5;2;Vazio;444335-2;49
37;656235;1.5;2;Vazio;444335-2;49
38;656236;1.5;2;Vazio;444335-2;49
39;656237;1.5;2;Vazio;444335-2;49
40;656238;1.5;2;Vazio;444335-2;49
41;656239;1.5;2;Vazio;444335-2;49
42;656240;1.5;2;Vazio;444335-2;49
43;656241;1.5;2;Vazio;444335-2;49
44;656242;1.5;2;Vazio;444335-2;49
45;656243;1.5;2;Vazio;444335-2;49
46;656244;1.5;2;Vazio;444335-2;49
1283;677691;1.0;10;Vazio;444335-2;49
47;656245;1.5;2;Vazio;444335-2;49
18;656216;1.5;2;Vazio;444335-2;49
19;656217;1.5;2;Vazio;444335-2;49
342;656540;1.5;2;444335-2;Vazio;49
25;656223;1.5;2;Vazio;444335-2;49
1483;677891;1.5;25;Vazio;444335-2;49
339;656537;1.5;2;444335-2;Vazio;49
24;656222;1.5;2;Vazio;444335-2;49
23;656221;1.5;2;Vazio;444335-2;49
22;656220;1.5;2;Vazio;444335-2;49
21;656219;1.5;2;Vazio;444335-2;49
20;656218;1.5;2;Vazio;444335-2;49
340;656538;1.5;2;444335-2;Vazio;49
26;656224;1.5;2;Vazio;444335-2;49
341;656539;1.5;2;444335-2;Vazio;49
1676;678699;1.0;1;444335-2;444335-2;50
1446;677854;1.5;101;444335-2;444335-2;50
1445;677853;1.5;2;444335-2;444335-2;50
1437;677845;1.5;15;444335-2;444335-2;50
1443;677851;1.0;2;444335-2;444335-2;50
1438;677846;1.5;10;444335-2;444335-2;50
1444;677852;1.0;101;444335-2;444335-2;50
1526;678549;1.0;2;444335-2;444335-2;50
944;659362;1.5;32;444335-2;444335-2;50
943;659361;1.0;32;444335-2;444335-2;50
1434;677842;1.0;10;444335-2;444335-2;50
1436;677844;1.5;7;444335-2;444335-2;50
940;659358;1.5;18;444335-2;444335-2;50
939;659357;1.0;18;444335-2;444335-2;50
1433;677841;1.0;7;444335-2;444335-2;50
1435;677843;1.0;15;444335-2;444335-2;50
76;656274;1.5;2;444335-2;1060-16-1222;51
77;656275;1.5;2;444335-2;1060-16-1222;51
73;656271;1.5;2;444335-2;1060-16-1222;51
148;656346;1.5;2;1060-16-1222;444335-2;51
149;656347;1.5;2;1060-16-1222;444335-2;51
150;656348;1.5;2;1060-16-1222;444335-2;51
74;656272;1.5;2;444335-2;1060-16-1222;51
75;656273;1.5;2;444335-2;1060-16-1222;51
152;656350;1.5;2;1060-16-1222;444335-2;51
151;656349;1.5;2;1060-16-1222;444335-2;51
1626;678649;0.5;1;444334-2;Vazio;52
1627;678650;0.5;2;444334-2;Vazio;52
1653;678676;0.75;5;444334-2;Vazio;52
1654;678677;0.75;6;444334-2;Vazio;52
1658;678681;0.75;6;444334-2;Vazio;52
1659;678682;0.75;5;444334-2;Vazio;52
583;656781;0.75;2;444334-2;Vazio;52
1661;678684;0.5;2;444334-2;Vazio;52
1662;678685;0.5;2;444334-2;Vazio;52
1663;678686;0.5;2;444334-2;Vazio;52
584;656782;0.75;2;444334-2;Vazio;52
435;656633;0.75;2;Vazio;444334-2;52
433;656631;0.75;2;Vazio;444334-2;52
585;656783;0.75;2;444334-2;Vazio;52
586;656784;0.75;2;444334-2;Vazio;52
587;656785;0.75;2;444334-2;Vazio;52
437;656635;0.75;2;Vazio;444334-2;52
434;656632;0.75;2;Vazio;444334-2;52
436;656634;0.75;2;Vazio;444334-2;52
1623;678646;0.5;2;444334-2;444334-2;53
1581;678604;0.5;2;444334-2;444334-2;53
1540;678563;0.75;6;444334-2;444334-2;53
1539;678562;0.75;5;444334-2;444334-2;53
1555;678578;0.75;12;444334-2;444334-2;53
1556;678579;0.75;10;444334-2;444334-2;53
965;660534;0.5;4;444334-2;734-202;54
966;660536;0.5;4;444334-2;734-202;54
1541;678564;0.75;5;444334-2;CN4473;55
1542;678565;0.75;6;444334-2;CN4473;55
1579;678602;0.5;2;444334-2;160739-9;56
1580;678603;0.5;2;160739-9;444334-2;56
1646;678669;0.5;1;444334-2;ZV3MA0035;57
1647;678670;0.5;4;444334-2;ZV3MA0035;57
1648;678671;0.5;2;444334-2;ZV3MA0035;57
1738;678761;0.5;6;ZV3MA0035;444334-2;57
1576;678599;0.5;1;444334-2;ZV3MA0035;57
1736;678759;0.5;6;ZV3MA0035;444334-2;57
1740;678763;0.5;1;ZV3MA0035;444334-2;57
1645;678668;0.5;2;444334-2;ZV3MA0035;57
1739;678762;0.5;2;ZV3MA0035;444334-2;57
1644;678667;0.5;1;ZV3MA0035;444334-2;57
1624;678647;0.5;1;ZV3MA0035;444334-2;57
1577;678600;0.5;2;444334-2;ZV3MA0035;57
1633;678656;0.5;2;444334-2;ZV3MA0035;57
1632;678655;0.5;4;444334-2;ZV3MA0035;57
1631;678654;0.5;2;444334-2;ZV3MA0035;57
1630;678653;0.5;1;444334-2;ZV3MA0035;57
1629;678652;0.5;2;ZV3MA0035;444334-2;57
1628;678651;0.5;1;ZV3MA0035;444334-2;57
1625;678648;0.5;2;ZV3MA0035;444334-2;57
1741;678764;0.5;3;ZV3MA0035;444334-2;57
1737;678760;0.5;6;ZV3MA0035;444334-2;57
1643;678666;0.5;2;ZV3MA0035;444334-2;57
1735;678758;0.5;2;ZV3MA0035;444334-2;57
1750;678773;0.5;20;444334-2;ZV3MA0035;57
1732;678755;0.5;2;ZV3MA0035;444334-2;57
1756;678779;0.5;6;ZV3MA0035;444334-2;57
1753;678776;0.5;6;444334-2;ZV3MA0035;57
1493;678516;0.5;6;ZV3MA0035;444334-2;57
1733;678756;0.5;1;ZV3MA0035;444334-2;57
1752;678775;0.5;20;444334-2;ZV3MA0035;57
1743;678766;0.5;6;ZV3MA0035;444334-2;57
1492;678515;0.5;2;ZV3MA0035;444334-2;57
1491;678514;0.5;2;ZV3MA0035;444334-2;57
1719;678742;0.5;2;444334-2;ZV3MA0035;57
1720;678743;0.5;1;444334-2;ZV3MA0035;57
1726;678749;0.5;1;444334-2;ZV3MA0035;57
1727;678750;0.5;2;444334-2;ZV3MA0035;57
1728;678751;0.5;1;ZV3MA0035;444334-2;57
1757;678780;0.5;20;ZV3MA0035;444334-2;57
1729;678752;0.5;2;ZV3MA0035;444334-2;57
1744;678767;0.5;20;ZV3MA0035;444334-2;57
1745;678768;0.5;2;ZV3MA0035;444334-2;57
1751;678774;0.5;6;444334-2;ZV3MA0035;57
1578;678601;0.5;2;444334-2;ZV3MA0035;57
1747;678770;0.5;6;ZV3MA0035;444334-2;57
1759;678782;0.5;2;ZV3MA0035;444334-2;57
1760;678783;0.5;1;ZV3MA0035;444334-2;57
1730;678753;0.5;2;444334-2;ZV3MA0035;57
1742;678765;0.5;3;ZV3MA0035;444334-2;57
1731;678754;0.5;1;444334-2;ZV3MA0035;57
1494;678517;0.5;3;ZV3MA0035;444334-2;57
70;656268;0.75;2;444334-2;1060-16-0622;58
71;656269;0.75;2;444334-2;1060-16-0622;58
72;656270;0.75;2;444334-2;1060-16-0622;58
69;656267;0.75;2;444334-2;1060-16-0622;58
62;656260;0.75;2;444334-2;1060-16-0622;58
67;656265;0.75;2;444334-2;1060-16-0622;58
49;656247;0.75;2;444334-2;1060-16-0622;58
50;656248;0.75;2;444334-2;1060-16-0622;58
51;656249;0.75;2;444334-2;1060-16-0622;58
52;656250;0.75;2;444334-2;1060-16-0622;58
53;656251;0.75;2;444334-2;1060-16-0622;58
54;656252;0.75;2;444334-2;1060-16-0622;58
55;656253;0.75;2;444334-2;1060-16-0622;58
68;656266;0.75;2;444334-2;1060-16-0622;58
56;656254;0.75;2;444334-2;1060-16-0622;58
58;656256;0.75;2;444334-2;1060-16-0622;58
59;656257;0.75;2;444334-2;1060-16-0622;58
60;656258;0.75;2;444334-2;1060-16-0622;58
61;656259;0.75;2;444334-2;1060-16-0622;58
64;656262;0.75;2;444334-2;1060-16-0622;58
65;656263;0.75;2;444334-2;1060-16-0622;58
66;656264;0.75;2;444334-2;1060-16-0622;58
57;656255;0.75;2;444334-2;1060-16-0622;58
48;656246;0.75;2;444334-2;1060-16-0622;58
63;656261;0.75;2;444334-2;1060-16-0622;58
162;656360;0.75;2;1060-16-0622;444334-2;58
167;656365;0.75;2;1060-16-0622;444334-2;58
166;656364;0.75;2;1060-16-0622;444334-2;58
165;656363;0.75;2;1060-16-0622;444334-2;58
164;656362;0.75;2;1060-16-0622;444334-2;58
153;656351;0.75;2;1060-16-0622;444334-2;58
154;656352;0.75;2;1060-16-0622;444334-2;58
155;656353;0.75;2;1060-16-0622;444334-2;58
156;656354;0.75;2;1060-16-0622;444334-2;58
157;656355;0.75;2;1060-16-0622;444334-2;58
163;656361;0.75;2;1060-16-0622;444334-2;58
161;656359;0.75;2;1060-16-0622;444334-2;58
160;656358;0.75;2;1060-16-0622;444334-2;58
159;656357;0.75;2;1060-16-0622;444334-2;58
158;656356;0.75;2;1060-16-0622;444334-2;58
1553;678576;0.75;6;444334-2;ZV3MA0038;59
1533;678556;0.75;10;ZV3MA0038;444334-2;59
1534;678557;0.75;12;ZV3MA0038;444334-2;59
1560;678583;0.75;5;444334-2;ZV3MA0038;59
1800;678824;0.75;7;444334-2;ZV3MA0038;59
1554;678577;0.75;5;444334-2;ZV3MA0038;59
1558;678581;0.75;6;444334-2;ZV3MA0038;59
1557;678580;0.75;5;444334-2;ZV3MA0038;59
1801;678825;0.75;4;444334-2;ZV3MA0038;59
1559;678582;0.75;6;444334-2;ZV3MA0038;59
1804;678828;0.75;19;444334-2;ZV3MA0038;59
1552;678575;0.75;5;444334-2;ZV3MA0038;59
1551;678574;0.75;6;444334-2;ZV3MA0038;59
1802;678826;0.75;7;444334-2;ZV3MA0038;59
1549;678572;0.75;5;444334-2;ZV3MA0038;59
1548;678571;0.75;5;444334-2;ZV3MA0038;59
1550;678573;0.75;6;444334-2;ZV3MA0038;59
1546;678569;0.75;5;444334-2;ZV3MA0038;59
1545;678568;0.75;6;444334-2;ZV3MA0038;59
1547;678570;0.75;6;444334-2;ZV3MA0038;59
1803;678827;0.75;3;444334-2;ZV3MA0038;59
1666;678689;0.75;22;ZV3MA0038;Vazio;60
1651;678674;0.75;11;ZV3MA0038;Vazio;60
1660;678683;0.75;6;ZV3MA0038;Vazio;60
1657;678680;0.75;5;ZV3MA0038;Vazio;60
1656;678679;0.75;11;ZV3MA0038;Vazio;60
1655;678678;0.75;6;ZV3MA0038;Vazio;60
1652;678675;0.75;5;ZV3MA0038;Vazio;60
1619;678642;0.75;2;Vazio;ZV3MA0038;60
1622;678645;0.75;2;Vazio;ZV3MA0038;60
1621;678644;0.75;2;Vazio;ZV3MA0038;60
1620;678643;0.75;2;Vazio;ZV3MA0038;60
1543;678566;0.75;6;ZV3MA0038;ZV3MA0038;61
1544;678567;0.75;5;ZV3MA0038;ZV3MA0038;61
1536;678559;0.75;12;ZV3MA0038;ZV3MA0038;61
1535;678558;0.75;10;ZV3MA0038;ZV3MA0038;61
1688;678711;0.75;3;ZV3MA0038;ZV3MA0038;61
1528;678551;0.75;2;ZV3MA0038;ZV3MA0038;61
1798;678822;0.75;7;ZV3MA0038;ZV3MA0038;61
1774;678798;0.75;7;ZV3MA0038;ZV3MA0038;61
1527;678550;0.75;2;ZV3MA0038;ZV3MA0038;61
1532;678555;0.75;2;ZV3MA0038;231-302/026-000;62
1537;678560;0.75;6;ZV3MA0038;160739-9;63
1538;678561;0.75;5;ZV3MA0038;160739-9;63
1805;678829;0.75;19;ZV3MA0038;160871-6;64
964;660532;0.75;1;ZV3MA0038;3-770476-1;65
963;660529;0.75;1;ZV3MA0038;3-770476-1;65
962;660528;0.75;1;ZV3MA0038;3-770476-1;65
961;660527;0.75;1;ZV3MA0038;3-770476-1;65
1612;678635;0.75;4;ZV3MA0038;3-770476-1;65
1530;678553;0.75;2;3-770476-1;ZV3MA0038;65
972;660651;0.75;1;ZV3MA0038;3-770476-1;65
1529;678552;0.75;2;3-770476-1;ZV3MA0038;65
1518;678541;0.75;2;ZV3MA0038;3-770476-1;65
1531;678554;0.75;2;3-770476-1;ZV3MA0038;65
1519;678542;0.75;2;ZV3MA0038;3-770476-1;65
1618;678641;0.75;2;ZV3MA0038;3-770476-1;65
1611;678634;0.75;4;ZV3MA0038;3-770476-1;65
1782;678806;0.75;19;ZV3AE0624;ZV3MA0038;66
1783;678807;0.75;7;ZV3AE0624;ZV3MA0038;66
1787;678811;0.75;3;ZV3AE0624;ZV3MA0038;66
1784;678808;0.75;7;ZV3AE0624;ZV3MA0038;66
1785;678809;0.75;3;ZV3AE0624;ZV3MA0038;66
1789;678813;0.75;4;ZV3AE0624;ZV3MA0038;66
1788;678812;0.75;7;ZV3AE0624;ZV3MA0038;66
1786;678810;0.75;4;ZV3AE0624;ZV3MA0038;66
1780;678804;0.75;19;ZV3MA0038;ZV3AE0609;67
1779;678803;0.75;7;ZV3MA0038;ZV3AE0609;67
1778;678802;0.75;7;ZV3AE0609;ZV3MA0038;67
1796;678820;0.75;4;ZV3MA0038;ZV3AE0609;67
1790;678814;0.75;3;ZV3MA0038;ZV3AE0609;67
1781;678805;0.75;19;ZV3AE0609;ZV3MA0038;67
1792;678816;0.75;4;ZV3AE0609;ZV3MA0038;67
1794;678818;0.75;3;ZV3MA0038;ZV3AE0609;67
1797;678821;0.75;4;ZV3AE0609;ZV3MA0038;67
1795;678819;0.75;7;ZV3MA0038;ZV3AE0609;67
1791;678815;0.75;7;ZV3AE0609;ZV3MA0038;67
1799;678823;0.75;7;ZV3MA0038;ZV3AE0609;67
1793;678817;0.75;3;ZV3AE0609;ZV3MA0038;67
1776;678800;0.75;19;ZV3MA0038;ZV3AE0609;67
1777;678801;0.75;19;ZV3AE0609;ZV3MA0038;67
1775;678799;0.75;7;ZV3MA0038;ZV3AE0609;67
210;656408;0.75;2;1060-16-0622;Vazio;68
209;656407;0.75;2;1060-16-0622;Vazio;68
208;656406;0.75;2;1060-16-0622;Vazio;68
207;656405;0.75;2;1060-16-0622;Vazio;68
206;656404;0.75;2;1060-16-0622;Vazio;68
309;656507;0.75;2;Vazio;1060-16-0622;68
204;656402;0.75;2;1060-16-0622;Vazio;68
203;656401;0.75;2;1060-16-0622;Vazio;68
202;656400;0.75;2;1060-16-0622;Vazio;68
201;656399;0.75;2;1060-16-0622;Vazio;68
200;656398;0.75;2;1060-16-0622;Vazio;68
198;656396;0.75;2;1060-16-0622;Vazio;68
288;656486;0.75;2;Vazio;1060-16-0622;68
818;657016;0.75;2;1060-16-0622;Vazio;68
819;657017;0.75;2;1060-16-0622;Vazio;68
820;657018;0.75;2;1060-16-0622;Vazio;68
821;657019;0.75;2;1060-16-0622;Vazio;68
822;657020;0.75;2;1060-16-0622;Vazio;68
838;657036;0.75;2;1060-16-0622;Vazio;68
839;657037;0.75;2;1060-16-0622;Vazio;68
840;657038;0.75;2;1060-16-0622;Vazio;68
841;657039;0.75;2;1060-16-0622;Vazio;68
842;657040;0.75;2;1060-16-0622;Vazio;68
199;656397;0.75;2;1060-16-0622;Vazio;68
211;656409;0.75;2;1060-16-0622;Vazio;68
310;656508;0.75;2;Vazio;1060-16-0622;68
205;656403;0.75;2;1060-16-0622;Vazio;68
215;656413;0.75;2;1060-16-0622;Vazio;68
214;656412;0.75;2;1060-16-0622;Vazio;68
312;656510;0.75;2;Vazio;1060-16-0622;68
212;656410;0.75;2;1060-16-0622;Vazio;68
216;656414;0.75;2;1060-16-0622;Vazio;68
213;656411;0.75;2;1060-16-0622;Vazio;68
217;656415;0.75;2;1060-16-0622;Vazio;68
311;656509;0.75;2;Vazio;1060-16-0622;68
290;656488;0.75;2;Vazio;1060-16-0622;68
291;656489;0.75;2;Vazio;1060-16-0622;68
292;656490;0.75;3;Vazio;1060-16-0622;68
308;656506;0.75;3;Vazio;1060-16-0622;68
289;656487;0.75;2;Vazio;1060-16-0622;68
263;656461;0.75;2;1060-16-0622;1-770904-1;69
264;656462;0.75;2;1060-16-0622;1-770904-1;69
265;656463;0.75;2;1060-16-0622;1-770904-1;69
267;656465;0.75;2;1060-16-0622;1-770904-1;69
268;656466;0.75;2;1060-16-0622;1-770904-1;69
269;656467;0.75;2;1060-16-0622;1-770904-1;69
270;656468;0.75;2;1060-16-0622;1-770904-1;69
271;656469;0.75;2;1060-16-0622;1-770904-1;69
266;656464;0.75;2;1060-16-0622;1-770904-1;69
272;656470;0.75;2;1060-16-0622;1-770904-1;69
259;656457;0.75;2;1060-16-0622;FR2064-C;70
250;656448;0.75;2;1060-16-0622;FR2064-C;70
249;656447;0.75;2;1060-16-0622;FR2064-C;70
248;656446;0.75;2;1060-16-0622;FR2064-C;70
252;656450;0.75;2;1060-16-0622;FR2064-C;70
253;656451;0.75;2;1060-16-0622;FR2064-C;70
247;656445;0.75;2;1060-16-0622;FR2064-C;70
243;656441;0.75;2;1060-16-0622;FR2064-C;70
244;656442;0.75;2;1060-16-0622;FR2064-C;70
245;656443;0.75;2;1060-16-0622;FR2064-C;70
246;656444;0.75;2;1060-16-0622;FR2064-C;70
242;656440;0.75;2;1060-16-0622;FR2064-C;70
260;656458;0.75;2;1060-16-0622;FR2064-C;70
262;656460;0.75;2;1060-16-0622;FR2064-C;70
238;656436;0.75;2;1060-16-0622;FR2064-C;70
239;656437;0.75;2;1060-16-0622;FR2064-C;70
240;656438;0.75;2;1060-16-0622;FR2064-C;70
241;656439;0.75;2;1060-16-0622;FR2064-C;70
254;656452;0.75;2;1060-16-0622;FR2064-C;70
255;656453;0.75;2;1060-16-0622;FR2064-C;70
256;656454;0.75;2;1060-16-0622;FR2064-C;70
257;656455;0.75;2;1060-16-0622;FR2064-C;70
258;656456;0.75;2;1060-16-0622;FR2064-C;70
261;656459;0.75;2;1060-16-0622;FR2064-C;70
251;656449;0.75;2;1060-16-0622;FR2064-C;70
190;656388;0.75;2;FR2064-C;1060-16-0622;70
194;656392;0.75;2;FR2064-C;1060-16-0622;70
229;656427;0.75;2;1060-16-0622;FR2064-C;70
228;656426;0.75;2;1060-16-0622;FR2064-C;70
175;656373;0.75;2;FR2064-C;1060-16-0622;70
174;656372;0.75;2;FR2064-C;1060-16-0622;70
172;656370;0.75;3;FR2064-C;1060-16-0622;70
171;656369;0.75;2;FR2064-C;1060-16-0622;70
230;656428;0.75;2;1060-16-0622;FR2064-C;70
170;656368;0.75;2;FR2064-C;1060-16-0622;70
168;656366;0.75;2;FR2064-C;1060-16-0622;70
192;656390;0.75;2;FR2064-C;1060-16-0622;70
193;656391;0.75;2;FR2064-C;1060-16-0622;70
195;656393;0.75;3;FR2064-C;1060-16-0622;70
196;656394;0.75;2;FR2064-C;1060-16-0622;70
197;656395;0.75;2;FR2064-C;1060-16-0622;70
169;656367;0.75;2;FR2064-C;1060-16-0622;70
231;656429;0.75;2;1060-16-0622;FR2064-C;70
173;656371;0.75;2;FR2064-C;1060-16-0622;70
176;656374;0.75;2;FR2064-C;1060-16-0622;70
189;656387;0.75;2;FR2064-C;1060-16-0622;70
188;656386;0.75;2;FR2064-C;1060-16-0622;70
232;656430;0.75;2;1060-16-0622;FR2064-C;70
186;656384;0.75;3;FR2064-C;1060-16-0622;70
185;656383;0.75;2;FR2064-C;1060-16-0622;70
184;656382;0.75;2;FR2064-C;1060-16-0622;70
183;656381;0.75;2;FR2064-C;1060-16-0622;70
187;656385;0.75;2;FR2064-C;1060-16-0622;70
181;656379;0.75;2;FR2064-C;1060-16-0622;70
180;656378;0.75;2;FR2064-C;1060-16-0622;70
179;656377;0.75;2;FR2064-C;1060-16-0622;70
178;656376;0.75;2;FR2064-C;1060-16-0622;70
191;656389;0.75;2;FR2064-C;1060-16-0622;70
182;656380;0.75;2;FR2064-C;1060-16-0622;70
177;656375;0.75;2;FR2064-C;1060-16-0622;70
132;656330;0.75;2;1060-16-0622;735222-2;71
131;656329;0.75;2;1060-16-0622;735222-2;71
130;656328;0.75;2;1060-16-0622;735222-2;71
129;656327;0.75;3;1060-16-0622;735222-2;71
128;656326;0.75;2;1060-16-0622;735222-2;71
125;656323;0.75;2;1060-16-0622;735222-2;71
126;656324;0.75;2;1060-16-0622;735222-2;71
124;656322;0.75;3;1060-16-0622;735222-2;71
123;656321;0.75;2;1060-16-0622;735222-2;71
122;656320;0.75;2;1060-16-0622;735222-2;71
133;656331;0.75;2;1060-16-0622;735222-2;71
127;656325;0.75;2;1060-16-0622;735222-2;71
134;656332;0.75;2;1060-16-0622;735222-2;71
116;656314;0.75;2;1060-16-0622;735222-2;71
136;656334;0.75;2;1060-16-0622;735222-2;71
137;656335;0.75;3;1060-16-0622;735222-2;71
138;656336;0.75;2;735222-2;1060-16-0622;71
139;656337;0.75;2;735222-2;1060-16-0622;71
140;656338;0.75;2;735222-2;1060-16-0622;71
141;656339;0.75;2;735222-2;1060-16-0622;71
142;656340;0.75;2;735222-2;1060-16-0622;71
143;656341;0.75;2;735222-2;1060-16-0622;71
144;656342;0.75;2;735222-2;1060-16-0622;71
145;656343;0.75;2;735222-2;1060-16-0622;71
146;656344;0.75;2;735222-2;1060-16-0622;71
147;656345;0.75;2;735222-2;1060-16-0622;71
121;656319;0.75;2;1060-16-0622;735222-2;71
135;656333;0.75;2;1060-16-0622;735222-2;71
120;656318;0.75;3;1060-16-0622;735222-2;71
96;656294;0.75;3;1060-16-0622;735222-2;71
118;656316;0.75;2;1060-16-0622;735222-2;71
94;656292;0.75;2;1060-16-0622;735222-2;71
93;656291;0.75;2;1060-16-0622;735222-2;71
92;656290;0.75;2;1060-16-0622;735222-2;71
91;656289;0.75;2;1060-16-0622;735222-2;71
119;656317;0.75;2;1060-16-0622;735222-2;71
89;656287;0.75;2;1060-16-0622;735222-2;71
88;656286;0.75;2;1060-16-0622;735222-2;71
87;656285;0.75;2;1060-16-0622;735222-2;71
86;656284;0.75;3;1060-16-0622;735222-2;71
85;656283;0.75;2;1060-16-0622;735222-2;71
84;656282;0.75;2;1060-16-0622;735222-2;71
83;656281;0.75;2;1060-16-0622;735222-2;71
82;656280;0.75;3;1060-16-0622;735222-2;71
81;656279;0.75;2;1060-16-0622;735222-2;71
80;656278;0.75;2;1060-16-0622;735222-2;71
79;656277;0.75;2;1060-16-0622;735222-2;71
78;656276;0.75;2;1060-16-0622;735222-2;71
95;656293;0.75;2;1060-16-0622;735222-2;71
97;656295;0.75;2;1060-16-0622;735222-2;71
90;656288;0.75;3;1060-16-0622;735222-2;71
99;656297;0.75;2;1060-16-0622;735222-2;71
117;656315;0.75;2;1060-16-0622;735222-2;71
98;656296;0.75;2;1060-16-0622;735222-2;71
115;656313;0.75;2;1060-16-0622;735222-2;71
114;656312;0.75;3;1060-16-0622;735222-2;71
113;656311;0.75;2;1060-16-0622;735222-2;71
112;656310;0.75;3;1060-16-0622;735222-2;71
110;656308;0.75;2;1060-16-0622;735222-2;71
109;656307;0.75;2;1060-16-0622;735222-2;71
111;656309;0.75;2;1060-16-0622;735222-2;71
107;656305;0.75;2;1060-16-0622;735222-2;71
106;656304;0.75;3;1060-16-0622;735222-2;71
105;656303;0.75;2;1060-16-0622;735222-2;71
104;656302;0.75;2;1060-16-0622;735222-2;71
103;656301;0.75;2;1060-16-0622;735222-2;71
102;656300;0.75;3;1060-16-0622;735222-2;71
101;656299;0.75;2;1060-16-0622;735222-2;71
100;656298;0.75;2;1060-16-0622;735222-2;71
108;656306;0.75;2;1060-16-0622;735222-2;71
1261;664864;0.75;6;881109-1;881109-1;72
1710;678733;0.75;30;350873-1;881109-1;73
1706;678729;0.75;30;350873-1;881109-1;73
1707;678730;0.75;30;350873-1;881109-1;73
1708;678731;0.75;30;350873-1;881109-1;73
1709;678732;0.75;30;350873-1;881109-1;73
1711;678734;0.75;30;350873-1;881109-1;73
1705;678728;0.75;30;350873-1;881109-1;73
1713;678736;0.75;30;350873-1;881109-1;73
1714;678737;0.75;30;350873-1;881109-1;73
1715;678738;0.75;30;350873-1;881109-1;73
1716;678739;0.75;30;350873-1;881109-1;73
1717;678740;0.75;30;350873-1;881109-1;73
1718;678741;0.75;30;350873-1;881109-1;73
1712;678735;0.75;30;350873-1;881109-1;73
1704;678727;0.75;30;350873-1;881109-1;73
1810;680016;1.5;300;880643-2;Vazio;74
323;656521;1.5;2;1062-16-1222;Vazio;75
386;656584;1.5;2;Vazio;1062-16-1222;75
387;656585;1.5;2;Vazio;1062-16-1222;75
448;656646;1.5;2;1062-16-1222;Vazio;75
449;656647;1.5;2;1062-16-1222;Vazio;75
450;656648;1.5;2;1062-16-1222;Vazio;75
451;656649;1.5;2;1062-16-1222;Vazio;75
452;656650;1.5;2;1062-16-1222;Vazio;75
453;656651;1.5;2;Vazio;1062-16-1222;75
454;656652;1.5;2;Vazio;1062-16-1222;75
455;656653;1.5;2;Vazio;1062-16-1222;75
456;656654;1.5;2;Vazio;1062-16-1222;75
457;656655;1.5;2;Vazio;1062-16-1222;75
458;656656;1.5;2;Vazio;1062-16-1222;75
459;656657;1.5;2;Vazio;1062-16-1222;75
460;656658;1.5;2;Vazio;1062-16-1222;75
461;656659;1.5;2;Vazio;1062-16-1222;75
462;656660;1.5;2;Vazio;1062-16-1222;75
623;656821;1.5;2;1062-16-1222;Vazio;75
624;656822;1.5;2;1062-16-1222;Vazio;75
625;656823;1.5;2;1062-16-1222;Vazio;75
626;656824;1.5;2;1062-16-1222;Vazio;75
627;656825;1.5;2;1062-16-1222;Vazio;75
628;656826;1.5;2;1062-16-1222;Vazio;75
629;656827;1.5;2;1062-16-1222;Vazio;75
630;656828;1.5;2;1062-16-1222;Vazio;75
385;656583;1.5;2;Vazio;1062-16-1222;75
631;656829;1.5;2;1062-16-1222;Vazio;75
384;656582;1.5;2;Vazio;1062-16-1222;75
382;656580;1.5;2;Vazio;1062-16-1222;75
337;656535;1.5;2;1062-16-1222;Vazio;75
343;656541;1.5;2;1062-16-1222;Vazio;75
344;656542;1.5;2;1062-16-1222;Vazio;75
345;656543;1.5;2;1062-16-1222;Vazio;75
346;656544;1.5;2;1062-16-1222;Vazio;75
347;656545;1.5;2;1062-16-1222;Vazio;75
348;656546;1.5;2;1062-16-1222;Vazio;75
349;656547;1.5;2;1062-16-1222;Vazio;75
350;656548;1.5;2;1062-16-1222;Vazio;75
351;656549;1.5;2;1062-16-1222;Vazio;75
352;656550;1.5;2;1062-16-1222;Vazio;75
358;656556;1.5;2;Vazio;1062-16-1222;75
359;656557;1.5;2;Vazio;1062-16-1222;75
360;656558;1.5;2;Vazio;1062-16-1222;75
361;656559;1.5;2;Vazio;1062-16-1222;75
362;656560;1.5;2;Vazio;1062-16-1222;75
363;656561;1.5;2;Vazio;1062-16-1222;75
364;656562;1.5;2;Vazio;1062-16-1222;75
365;656563;1.5;2;Vazio;1062-16-1222;75
366;656564;1.5;2;Vazio;1062-16-1222;75
367;656565;1.5;2;Vazio;1062-16-1222;75
378;656576;1.5;2;Vazio;1062-16-1222;75
379;656577;1.5;2;Vazio;1062-16-1222;75
380;656578;1.5;2;Vazio;1062-16-1222;75
381;656579;1.5;2;Vazio;1062-16-1222;75
383;656581;1.5;2;Vazio;1062-16-1222;75
335;656533;1.5;2;1062-16-1222;Vazio;75
632;656830;1.5;2;1062-16-1222;Vazio;75
634;656832;1.5;2;Vazio;1062-16-1222;75
659;656857;1.5;2;Vazio;1062-16-1222;75
660;656858;1.5;2;Vazio;1062-16-1222;75
661;656859;1.5;2;Vazio;1062-16-1222;75
633;656831;1.5;2;Vazio;1062-16-1222;75
663;656861;1.5;2;Vazio;1062-16-1222;75
664;656862;1.5;2;Vazio;1062-16-1222;75
665;656863;1.5;2;Vazio;1062-16-1222;75
666;656864;1.5;2;Vazio;1062-16-1222;75
667;656865;1.5;2;Vazio;1062-16-1222;75
658;656856;1.5;2;Vazio;1062-16-1222;75
334;656532;1.5;2;1062-16-1222;Vazio;75
332;656530;1.5;2;1062-16-1222;Vazio;75
331;656529;1.5;2;1062-16-1222;Vazio;75
330;656528;1.5;2;1062-16-1222;Vazio;75
329;656527;1.5;2;1062-16-1222;Vazio;75
328;656526;1.5;2;1062-16-1222;Vazio;75
327;656525;1.5;2;1062-16-1222;Vazio;75
326;656524;1.5;2;1062-16-1222;Vazio;75
325;656523;1.5;2;1062-16-1222;Vazio;75
324;656522;1.5;2;1062-16-1222;Vazio;75
333;656531;1.5;2;1062-16-1222;Vazio;75
657;656855;1.5;2;1062-16-1222;Vazio;75
662;656860;1.5;2;Vazio;1062-16-1222;75
655;656853;1.5;2;1062-16-1222;Vazio;75
635;656833;1.5;2;Vazio;1062-16-1222;75
636;656834;1.5;2;Vazio;1062-16-1222;75
637;656835;1.5;2;Vazio;1062-16-1222;75
638;656836;1.5;2;Vazio;1062-16-1222;75
639;656837;1.5;2;Vazio;1062-16-1222;75
640;656838;1.5;2;Vazio;1062-16-1222;75
641;656839;1.5;2;Vazio;1062-16-1222;75
642;656840;1.5;2;Vazio;1062-16-1222;75
643;656841;1.5;2;1062-16-1222;Vazio;75
644;656842;1.5;2;1062-16-1222;Vazio;75
645;656843;1.5;2;1062-16-1222;Vazio;75
656;656854;1.5;2;1062-16-1222;Vazio;75
336;656534;1.5;2;1062-16-1222;Vazio;75
647;656845;1.5;2;1062-16-1222;Vazio;75
654;656852;1.5;2;1062-16-1222;Vazio;75
653;656851;1.5;2;1062-16-1222;Vazio;75
652;656850;1.5;2;1062-16-1222;Vazio;75
651;656849;1.5;2;1062-16-1222;Vazio;75
650;656848;1.5;2;1062-16-1222;Vazio;75
649;656847;1.5;2;1062-16-1222;Vazio;75
648;656846;1.5;2;1062-16-1222;Vazio;75
646;656844;1.5;2;1062-16-1222;Vazio;75
747;656945;1.5;2;1062-16-1222;1062-16-1222;76
743;656941;1.5;2;1062-16-1222;1062-16-1222;76
744;656942;1.5;2;1062-16-1222;1062-16-1222;76
752;656950;1.5;2;1062-16-1222;1062-16-1222;76
751;656949;1.5;2;1062-16-1222;1062-16-1222;76
750;656948;1.5;2;1062-16-1222;1062-16-1222;76
745;656943;1.5;2;1062-16-1222;1062-16-1222;76
748;656946;1.5;2;1062-16-1222;1062-16-1222;76
746;656944;1.5;2;1062-16-1222;1062-16-1222;76
749;656947;1.5;2;1062-16-1222;1062-16-1222;76
